EAN;Titre;Marque;Poids;Catégorie
3181231002050;10 EXTRA MOELLEUX DE BOEUF;Charal;1 Kg;Viande
3181231001732;10 HAMBURGER SPECIAL OIGNON;Charal;1kg;Viande
3282740599939;10 MINI CROUST STJ COGNAC.120G;Tipiak;120g;Poisson
3450970004541;10 PORTiONS COLIN ALASKA ECO+;ECO+;1kg;Poisson
3251510551002;10 SORBET PECHE/POM/FRAM OASIS;Oasis;500 ml;Glaces
3227061000023;10 STEACK HACHE PUR BOEUF;Charal;1kg;Viande
3273310346954;100 PETITS FOURS APERITIFS;Kauffer's;1kg;Entrée
3282740070391;11 GOUGERES TRUFFE 110G PXC;Tipiak;110 g;Légumes
3261088285025;12 ESCARGOT HP RECETTE CHABLIS;Escal;89 g;Viande
3450970090414;12 ESCARGOTS BOURG. BG LUCORUM;Eco+;89 g;Poisson
3261089225235;12 ESCARGOTS DE BOURGOGNE REC B;Escal;89 g;Viande
3564700860410;12 MACARONS PIST/CAF/CHOCO/FRAM;Marque Repère;154 g;Légumes
3261080113104;12 MINI-FEUIL.APERITIF VEGETAR.;Escal;360 g;Entrée
3261080672113;12 MOULES A CROQUER;Escal;180g;Entrée
3261081136256;12 TOASTS AUX ESCARGOTS;Escal;150g;Légumes
3599740008140;18 CROUSTIBAT CABILLAUD MSC 450;Findus;450 g;Poisson
3599741006305;18 Croustibat MSC;Findus;540g;Poisson
4008467054211;2 COEURS DE FILETS SAUMON;;;Poisson
3567890182201;2 DEMI LANGOUSTES CUITES;pescanova;350g;Poisson
3273310347302;2 FLAMMEKUECHES AU MUNSTER;Kauffer’s;;Pizza
3273310346756;2 FLAMMEKUECHES TARTIFLETTE;Kauffer's;640 g;Pizza
3599741005964;2 PAV S SAUMON ATLANTIQUE ASC 2;Findus;2 x 125g;Viande
3273310424102;2 TARTES FLAMBEES CHEVRE MIEL;Kauffer’s;;Pizza
3564700349830;20 CREPES JAMBON/FROMAGE;Marque Repère;1kg;Entrée
3599740000359;20 CROQUETTES AIL&FINES HER.1KG;Findus;1 kg;Poisson
3564700423707;20 MINI-FEUILLETES SAUCISS.350G;Marque Repère;350 g;Entrée
3599741006602;20 TRANCHES PANNEES MERLU MSC;Findus;;Poisson
3564700433584;20CREPES 1/2LUNE FROMAGE TY.1KG;Marque Repère;1 kg;Entrée
3332792000164;24 BATONNETS YETIGEL 1200ML;Yéti;1200ml;Glaces
3261089225969;24 ESCARG BOURG LR+2 FOURC.194G;Escal;194 g;Viande
3332792000072;24 PARFUMS FOUS 1.2 LT;Yétigel;1200ml;Glaces
3443705051828;3 ESCALOPE F.GRAS S.OUEST;;150g;Entrée
4008467054228;3 FILETS DE CABILLAUD SAUVAGE;Costa;375g;Poisson
4008467054235;3 FILETS DE SAUMON SAUVAGE;;;Poisson
3248833088872;3 PIZZAS  ROYALES;Marie;1.2kg;Pizza
3248833088902;3 PIZZAS TROIS FROMAGES;Marie;1.17kg;Pizza
3661112086275;30BOULETTES 800G CHANTEGRILL;Marque Repère;900 g;Viande
3422825091563;32 CANAPES TENTATION;;250g;Entrée
3273310346282;36 CANAPES APERITIFS;Kauffer's;500g;Entrée
3273310347241;36 TARTELETTES APERITIF;Kauffer's;500g;Entrée
3273310346411;36 TOASTS APERITIFS;KAUFFER'S;500g;Entrée
3274664256210;4 BUCHETTES KITKAT.326G;;;Glaces
3264295008562;4 COQ ST-JACQ ISIGNY CELTIGEL;Celtigel;;Poisson
3564700307656;4 COQUILLE ST JACQU COTE TABLE;Marque Repère;360 g;Poisson
3264295007848;4 COQUILLES ST-JACQUES CELTIGEL;;;Poisson
3599741007265;4 DOS D'EGLEFIN MSC;;440g;Poisson
3599741005995;4 FILETS CABILLAUD FISH&CHIPS 4;Findus;400 g;Poisson
3599741001898;4 FILETS CABILLAUD MSC;Findus;400g;Poisson
3599740004432;4 FILETS CABILLAUD PANES 400GR;Findus;400g;Poisson
3564700784303;4 MINI-GRATIN PDT CEPES;Marque Repère;400g;Frites
3564700784228;4 MINI-GRATIN PDT EPINARD;Marque Repère;480g;Frites
3564700458594;4 MINI-GRATIN POM.D.TERRE;Marque Repère;480g;Frites
3564700784266;4 MINI-GRATIN SARLADAIS;Marque Repère;400g;Frites
3564700458631;4 MINI-GRATIN.4 LEGUMES;Marque Repère;480g;Plats cuisinés
3227061001112;4 STEAK HACHE BOEUF 5%MG 400GR;Charal;400 g;Viande
3261089126525;48 ESCARGOTS HL MOY BOURGU;Escal;269g;Poisson
3564700506714;48 ESCARGOTS T GROS 500G M COQ;;;Poisson
3564700484494;4PAVE SAUMON ATLANTIQUE ST.500G;pêche océan;4 x 125 g;Viande
3264295008630;6 COQ ST-JACQ BRETONNE 20% CDM;;6 x 90 g;Poisson
3564700307663;6 COQUILLES POISSON COTE TABLE;Marque Repère;660 g;Poisson
3264295008647;6 COQUILLES ST-JACQ RIESLING 20;;;Poisson
3564700157893;6 CREPES 1/2 LUNE JAMB/FRO;Marque Repère;300g;Entrée
3564700157909;6 CREPES CHAMP. 1/2 LUNE;Marque Repère;300g;Entrée
3564700157886;6 CREPES FROMAGE DEMI-LUNE;Marque Repère;300g;Entrée
3599740000373;6 CROQUETTES AIL&FINES HER.300G;Findus;300g;Poisson
3033210813815;6 EXTREMES CREME BRULEE  720ML;Nestlé;426 g;Glaces
3289475002284;6 FEUILLETES SOIGNON PRIX CHOC;Soignon;;Entrée
3599741005186;6 FILETS DE CABILLAUD MSC.600G;Findus;600 g;Poisson
3564706554955;6 MINI BUCHES FRUITS ROUGE.328G;Marque Repère;328g;Glaces
3564706711693;6 PANES SAUMON GR&CER ASC;Marque Repère;360g;Poisson
3181231002951;6 TOMATES FARCIES SACHET;Charal;1kg;Viande
3264295008302;8 COQ APERI ST JACQ BOURSIN;;;Entrée
3264295008487;8 COQ APERI ST JACQ BOURSIN;;;Entrée
3264295008289;8 COQ APERI ST JACQ CHAMP EPICE;;;Entrée
3264295008296;8 COQ APERI STJACQ SAUTER CREME;;;Entrée
3450970078405;8 CORDONS BLEUS DE DINDE;Eco+;800g;Viande
3248480009107;8 FEUILLETES A LA VIANDE;Vitacuire;520g;Viande
3248480009206;8 FEUILLETES AU FROMAGE;Vitacuire;520g;Entrée
3248480009305;8 FEUILLETES JAMB/FROM;Vitacuire;520g;Entrée
3450350093745;8 MACARONS SAVEURS DE BRETAGNE;Tipiak;;Glaces
3564700458556;8GALETTES BROCOLI NOTRE JARDIN;Marque Repère;300 g;Plats cuisinés
3564700458518;8GALETTES COURGET NOTRE JARDIN;Marque Repère;300 g;Plats cuisinés
3564700458471;8GALETTES POIREAU NOTRE JARDIN;Marque Repère;300 g;Plats cuisinés
3760287430552;ACCRAS DE MORUE;;300g;Poisson
3443705062947;AIGUIL CANARD S.OUEST SURG;;250g;Viande
3564700282229;AIL COUPE SURGELE;Marque Repère;100g;Légumes
3564700704851;AIL SURGELE;Marque Repère;250g;Légumes
3760197635757;ALLUMETTE SURG BLINI.870G;Blini;;Entrée
5410355404791;ANANAS;Crop's;1kg;Légumes
3421117601336;ANANAS CUBES;;450g;Glaces
3564700698051;ANANAS EN MORCEAUX;Marque Repère;650g;Légumes
3760114359919;ANNEAUX CALAMARS SACHET;Golfo Nuevo;800g;Poisson
3586410423396;ANNEAUX CALMARS CRUS SURG.MSC 3;;;Poisson
4008467054358;ANNEAUX DE CALAMARS PANES;Costa;400g;Poisson
3564700484272;ANNEAUX ENCORNETS 500G PECH.OCE;Marque Repère;500 g;Poisson
3251517034003;APERO TRUFFE.185G;;;Entrée
3421116000017;ASPERGES VERTES;Patrigel;600g;Légumes
3248481009472;ASSORT FROMAGERS X40 BIST EMILE;;;Entrée
3331480015299;ASSORTIMENT 12 MINI PATISSERIE;;;Glaces
3248481013837;ASSORTIMENT FROMAGER X40;;540g;Entrée
3248481013844;ASSORTIMENT SAV DU SUD X40;;540g;Entrée
3564700605363;AUBERGINE GRILLEE NOTRE JARDIN;Marque Repère;600 g;Légumes
3421112162351;AUBERGINES GRILLEES;Patrigel;600g;Légumes
3421114301338;AVOCATS EN MORCEAUX;;450g;Légumes
8711327626386;B/J ND COOKIES ON CD.414G;Ben & Jerry's;465 ml/415 g;Glaces
8711327374324;B&J CARAMEL BROWNIE PARTY465ML;Ben & Jerry's;405 g;Glaces
8711327370708;B&J CHOCO FUDGE BROWNIE 465ML;Ben & Jerry's;408 g;Glaces
8711327373105;B&J COOKIE DOUGH 465ML;Ben & Jerry's;406g;Glaces
8711327589360;B&J DULCE DE-LISH 427ML;Ben & Jerry's;350 g;Glaces
8711327371002;B&J HALF BAKED 465ML;Ben & Jerry's;406g;Glaces
8711327647930;B&J PEACE SALTED CARAM BROWNIES;Ben & Jerry's;150g;Glaces
8721274802214;B&J PEACES BROOKIES 160ML;Ben & Jerry's;150g;Glaces
8711327648036;B&J PEACES COOKIE DOUGH;Ben & Jerry’s;150g;Glaces
8711327374515;B&J PEANUT BUTTER CUP 465ML;Ben & Jerry's;425 g;Glaces
8711327539624;B&J SUNDAE COOKIE 427ML;Ben & Jerry's;324g;Glaces
8711327613812;B&J SUNNY HONEY 465ML;Ben & Jerry's;391 g;Glaces
8711327374256;B&J VANILLA PECAN BLONDIE465ML;Ben & Jerry's;414 g;Glaces
3564706631960;BAC CREME GLACEE CARAMEL;Eskiss;500g;Glaces
3564700327678;BAC CREME GLACEE FRAISE;Marque Repère;500g;Glaces
3564700879573;BAC DOUC DE VANILLE MADAGASCAR;Marque Repère;500 g;Glaces
3760039982018;BAC GLACE CAFE 750 ML;L'Angelys;450 g;Glaces
3760039982087;BAC GLACE CARAMEL BEUR. 750 ML;L'Angélys;450 g;Glaces
3760039982049;BAC GLACE CHOCOLAT 750 ML;L'Angélys;450 g;Glaces
3564706584440;BAC GOURMAND CAFE;Eskiss;500g;Glaces
3564706584488;BAC GOURMAND CHOCOLAT LIEG.500G;Eskiss;"500 g, 900 ml";Glaces
3564700882221;BAC GOURMAND CITRON FRAMBO.515G;Marque Repère;515 g;Glaces
3564706584327;BAC GOURMAND CITRON MERING.500G;;;Glaces
3564700882184;BAC GOURMAND COCO MANGUE.483.5G;Marque Repère;488 g;Glaces
3564706584280;BAC GOURMAND CREME BRULEE.500G;Eskiss Gourmandes;;Glaces
3564706806603;BAC GOURMAND PISTACH CHOC;;500g;Glaces
3564706633452;BAC GOURMAND STRACCIATELLA.500G;leclerc repere;500 gm 900ml;Glaces
3564706633414;BAC GOURMAND TARTUFO;;500g;Glaces
3564706633377;BAC GOURMAND TIRAMISU;Eskiss;500g;Glaces
3564706584365;BAC GOURMAND VANILLE CARAM.500G;Marque Repère;;Glaces
3564706584525;BAC GOURMAND VANILLE FRUITS RG;Marque Repère;;Glaces
3564706584242;BAC GOURMAND VANILLE PECAN.500G;null;;Glaces
3564706584402;BAC GOURMAND VANILLE SPECULOOS;Eskiss;;Glaces
3450970177351;BAC PARFUM CHOCOLAT;Eco+;500g;Glaces
3564706616943;BAC SORBET CASSIS 650G MR;Marque Repère;650 g;Glaces
3564706616820;BAC SORBET CITRON JAUNE;Eskiss;650g;Glaces
3564706617124;BAC SORBET CITRON VERT;Eskiss;650g;Glaces
3564706616868;BAC SORBET FRAMBOISE;Marque Repère;650g;Glaces
3760039981028;BAC SORBET FRAMBOISE 750 ML;L'Angélys;500 g;Glaces
3564706617025;BAC SORBET MANGUE 650G MR;Eskiss;;Glaces
3564706616981;BAC SORBET POIRE;Eskiss;650g;Glaces
3564706616905;BAC SORBET POMME;Eskiss;650g;Glaces
5000159483063;BARRE GLACEE BOUNTY X6;BOUNTY;"6 x 39,1gr";Glaces
5000159544511;BARRE GLACEE MARS X12.480G;Mars;480 g (12 x 40 g);Glaces
5000159484695;BARRE GLACEE TWIX X6;Twix;205.2 g;Glaces
3564706812413;BARRES GLACEES CACAHUETES MR;;;Glaces
3564706812406;BARRES GLACEES CARAMEL;;252.252g;Glaces
3564700282267;BASILIC SURGELE COUPE;Marque Repère;50g;Légumes
3760234500192;BAT BETTERAVE QUINOA BIO;Yooji;225g;Plats cuisinés
3760234500222;BAT BUTTERNUT QUINOA BIO;Yooji;225g;Plats cuisinés
5900130030982;BAT GL ALMOND/VANILLA X4.268G;Nestlé;268 g / 360 ml;Glaces
5900130031194;BAT GL COOKIES/MINT X4.244G;Nestlé;244 g;Glaces
5900130031279;BAT GL PEANUT BUT/MAPLE X4.272G;Nestlé;"4 x 90ml, 4 x 68g";Glaces
5900130030630;BAT GL S.CARAM/MACADAM X4.272G;Nestlé;272 g;Glaces
5900130031118;BAT GL WHTE CHOC/SCAND X4.268G;Nestlé;360cl;Glaces
3760234500239;BAT HARICOT.V SEMOULE BIO;Yooji;225g;Légumes
3564706766327;BAT POMME CASSIS FRAMB X10 MR;Marque Repère;;Glaces
3564706813625;BAT POMME CASSIS FRAMB X8;;560g;Glaces
3564706766334;BAT SORBET TROPICAL X10 MR;Marque Repère;;Glaces
3564706813618;BAT SORBET TROPICAL X8 560G MR;;;Glaces
3415587623011;BAT VANILLA CARAMEL ALMOND;Häagen-Dazs;280g;Glaces
5900130034980;BAT.CARA WHITE CHOCO/PECAN.264G;Nuii;4 x 66g;Glaces
5903021303882;BAT.GL MANGUE/NX COCO X4.286G;Nuii;286 g;Glaces
3274664142452;BATON.GLACE VANIL/NOIS X4.260G;Cote d’or;260 g;Glaces
3760234500215;BATON.MAIS/SEMOULE BIO.225G;Yooji;225 g;Plats cuisinés
3564700443392;BATON.POULET PANES SURGX18;Marque Repère;400g;Entrée
3599741003359;BATONNET FACON FISH/CHIPS X13;Findus;364 g;Poisson
3274664261399;BATONNET OASIS SO FRUIZ FRUITS;Oasis;;Glaces
3274664261405;BATONNET OASIS SO FRUIZ FRUITS;Oasis;;Glaces
3599741007043;BATONNETS AUX EPINARDS;Findus;284g;Légumes
3564706628533;BATONNETS CHOCO PISTACHE X.456G;Marque Repère;456 g;Glaces
3564706628571;BATONNETS CHOCOLAT X12;Marque Repère;456.456g;Glaces
3599741003311;BATONNETS COLIN D'ALASKA X16;Findus;448 g;Poisson
3567890450409;BATONNETS DE MERLUS PANES MSC 4;Pescanova;;Poisson
3274664178482;BATONNETS KIT KAT X4.248G;Nestlé;360ml;Glaces
3415587621017;BATONNETS MAC NUT BRITTLE;Häagen-Dazs;280g;Glaces
3700158413390;BATONNETS MOZZARELLA;RÉGHALAL;240g;Viande
3564706572881;BATONNETS ORANGE CITRON X10;Marque Repère;415 g;Glaces
5410126037005;BATONNETS SPECULOOS LOTUS X4;Biscoff;284 g;Glaces
3274661106716;BATONNETS VAN TROPICAL X10;Froneri;400g;Glaces
3450971460247;BATONNETS VANIL CHOC BLC X6 MR;;;Glaces
3450970177016;BATONNETS VANILLE CHOCO X16 53;Eco+;536g;Glaces
3564706628496;BATONNETS VANILLE CHOCOLAT.456G;Smicy;456 g;Glaces
3564706628458;BATONNETS VANILLE FRAISE X.456G;Marque Repère;;Glaces
3564706628410;BATONNETS VANILLE X12;Smicy;456g;Glaces
8411076016154;BEIGNET DE CALAMAR;;500g;Poisson
3599741004189;BEIGNETS A LA ROMAINE;Findus;490g;Légumes
3450970160452;BEIGNETS CALAMARS 500G SURG;Eco+;500 g;Poisson
3564700368985;BEURRE ESCARGOT 250G MAIT.COQUI;Marque Repère;250 g;Poisson
3248830002574;BLANQUETTE DE POULET RIZ;Marie;900g;Plats cuisinés
3564700762837;BLANQUETTE DE VOLAILLE SURG 90;Marque Repère;900 g;Plats cuisinés
3549190025006;BLOC DE GLACE;;2.5kg;Glaces
5430004391067;BN GLACES CHOCOLAT 3X65ML;;;Glaces
3760234509027;BOEUF BIO 6 MOIS;Yooji;120g;Viande
3564706715189;BOUCH CREVETTE SURG X8 164G MR;;;Poisson
3287370002422;BOUILLABAISSE;Bernadet;1.5kg;Poisson
3564706749160;BOULETES KEFTA 350G MR;;;Viande
3760109520140;BOULETTE BOEUF SURGELE 30X30 E;Eco;900 g;Viande
3512690000668;BOULETTE BOEUF X27;Isla Délice;810g;Viande
3227061000313;BOULETTES BOEUF CHARAL 30X30G;Charal;900 g;Viande
3181232534918;BOULETTES BOEUF ET PORC;Charal;360g;Viande
3165440301371;BRANDA.MORUE H.OLIVE/F.HERB450G;Tipiak;450 g;Viande
3282740301334;BRANDADE DE MORUE;Tipiak;1.050kg;Viande
3287370002781;BRANDADE DE MORUE 1KG+20% OFFER;Bernadet;"1,2 kg";Poisson
3287370000039;BRANDADE DE MORUE 22%;bernadet;1kg;Plats cuisinés
3564700339206;BRANDADE MORUE 2X500G C.TABLE;Marque Repère;1 kg;Plats cuisinés
3564700466476;BRANDADE MORUE 300G COTE TABLE;Marque Repère;300 g;Plats cuisinés
3264295102017;BRANDADE MORUE CDM;;1 kg;Poisson
3760184013711;BROCHETTE POULET TANDOORI;Deli's World;170g;Viande
3760184013803;BROCHETTE SATAY;Deli's World;190 g;Viande
3760184013797;BROCHETTE YAKITORI;Deli's World;190 g;Viande
3248451069727;BROCO/HARICOT/CAROTTE JNE;D'aucy;750g;Légumes
3083681148329;Brocoli en Fleurettes SRP;Bonduelle;750g;Légumes
3564707001335;"BROCOLIS BIO,600G";Bio Village;600 g;Légumes
3564700768853;BROCOLIS CUITS;Marque Repère;750g;Légumes
3450971454154;BROCOLIS SURG 900G ECO+;Eco+;900g;Légumes
3564706705203;BROCOLIS SURG 900G NOTREJARDIN;Notre Jardin;900g;Légumes
3564700708279;BRUNOISE MEDITERRANEENNE;Marque Repère;600g;Légumes
3230890012174;BT ROTI PINTA CEPES;Maître CoQ;700g;Viande
3274664222178;BUCH.CARAMEL X6.336G;Pilpa;;Glaces
3274664222185;BUCH.CHOCOLAT X6.360G;Pilpa;360g;Glaces
3274664222215;BUCH.MACARON X6.339G;;;Glaces
3274664222161;BUCH.PISTACHE. CHOCOLAT..348G;Pilpa;348 g (6x58g);Glaces
3274664221591;BUCH.VANILLE & FRUITS X6.351G;Pilpa;351 g;Glaces
3274664222246;BUCH.VANILLES GOURMANDES.333G;Pilpa;;
3274664220280;BUCHE  3 CHOCOLATS.540G;Nestlé;540 g;Glaces
3274664220211;BUCHE  CARAMEL BEURRE SALE.540G;Nestlé;;Glaces
3274664220273;BUCHE  DELICE A L'ANCIENNE.540G;Nestlé;540 g;Glaces
3274664220242;BUCHE  DELICE ETOILE FRT E.540G;;;
3274664220570;BUCHE  FAcON DAME BLANCHE.540G;Nestlé;540;Glaces
3274664220549;BUCHE  FEUIL CRAQ CHOCO VA.540G;Nestlé;;
3274664220327;BUCHE  FEUIL CRAQ MENTHE.540G;Nestlé;;Glaces
3274664220532;BUCHE  FEUIL CRAQ VANIL CA.540G;Nestlé;;
3274664220365;BUCHE  FRAMBOISE CITRON FR.540G;Nestlé;540 g;Glaces
3274664220266;BUCHE  L'AMANDIERE.540G;Nestlé;540 g e;Glaces
3274664220297;BUCHE  LA NOUGATINE.540G;null;;Glaces
3274664220563;BUCHE  PARFUM CREME BRULEE.540G;Nestlé;540 g;Glaces
3274664220228;BUCHE  PASSION FRTS RGES.540G;Nestlé;540 g;Glaces
3274664220235;BUCHE  SENSATIONS POIRE CH.540G;Nestlé;;Glaces
3760015742537;BUCHE ABRICOT/MANGUE;;494g;
3564700297889;BUCHE AUX 3 CHOCOLATS 1L;Marque Repère;535g;Glaces
3760039986191;BUCHE BARRIQUE CHOCOLAT 50;L'Angélys;;
3760015742193;BUCHE CAFE 100% ARABICA SPECULO;La Belle Aude;468 g;
3495040348354;BUCHE CAFE EXPRES/VANILLE MADAG;;;
3495040348361;BUCHE CARAM SALEE/VANILLE MADAG;;;Glaces
3563350002515;BUCHE CARAMEL BEURRE SALE 750ML;;;Glaces
3760039984203;Buche Chocolat - Vanille;L'Angélys;3.330g;Glaces
3428420023015;buche coco exotique.500G;Erhard;;Glaces
3564700298046;BUCHE CREME BRULEE CARAMEL 1L;Marque Repère;500g;Glaces
3564700650066;BUCHE DAME BLANCHE 1L;Eskiss;"535.1 g, 1 L";Glaces
3428420024807;BUCHE DU MONDE 1001 NUITS;;;
3428420024814;BUCHE DU MONDE GLACEE HOLLYWOOD;;;
3428420024821;BUCHE DU MONDE GLACEE INDE 460;;;
3564700298077;BUCHE FRUITS EXOTIQUES 1L;Marque Repère;"568,1 g";Glaces
3495040348408;BUCHE FRUITS RG/FRUITS EXOTIQUE;;500 g;
3428420012385;BuCHE GLACeE ARTISANALE ALS;Erhard;465g;Glaces
3428420012408;BuCHE GLACeE CAFe GIANDUJA.465G;Erhard;465 g;Glaces
3428420012439;BuCHE GLACeE FRAISE PASSION;Erhard;;Glaces
3760239141048;BUCHE ITALIENNE CARAMEL VA.485G;;;
3760239141062;BUCHE ITALIENNE FRAISE CIT.485G;;;
3274664256302;BUCHE L'INFINI DUO VANILLE.535G;;;
3495040348262;BUCHE MENTHE CHOCOLAT;;500g;
3274664274450;BUCHE NESTLE CHOCO BLC VAN.540G;;;
3274664238636;BUCHE NESTLE FACON MONT BL.480G;Nestlé;;
3274664258689;BUCHE NESTLE NORVEGIENNE.455G;Nestlé;455 g;Glaces
3495040348460;BUCHE NOUGAT / FRAMBOISE;;;
3564706723696;BUCHE PECHE MELBA 565G MR;Eskiss;;Glaces
3274664219505;Buche Pilpa Caramel Beurre.535G;pilpa;;
3274664238643;BUCHE PILPA COCO CHOCOLAT.526G;Pilpa;;Glaces
3274664219499;Buche Pilpa Delicate Stracc;Pilpa;;Glaces
3274664219437;Buche Pilpa Douceur Citron.464G;Pilpa;;Glaces
3274664219420;Buche Pilpa Exquise 3 Choc.535G;;;Glaces
3274664219574;Buche Pilpa Fraise Facon Li;Pilpa;;
3274664220341;Buche Pilpa Fruitee 3 Sorbe;PILPA;;Légumes
3274664219604;Buche Pilpa Plaisir Vanille;pilpa;545;
3274664274436;BUCHE PILPA VAN CARAMEL SP.534G;;;Glaces
3274664219543;Buche Pilpa Vanille Nougat.536G;Pilpa;;Glaces
3274664219475;Buche Pilpa Vanille Rhum Ra;Pilpa;;Glaces
3760039986689;BUCHE PISTACHE / FRAMBOISE.500G;L'Angélys;;Glaces
3274664239466;BUCHE PISTACHE FRAMBOISE.491G;Nestlé;;Glaces
3564700700778;BUCHE POIRE CHOCOLAT 1L;Marque Repère;548 g;Glaces
3495040348347;BUCHE POIRE WILL/CARAM B.SALE;;;
3760299290991;BUCHE ROUSQUILLE ABRICOT;;690g;
3274664220204;BUCHE SENSAT ANAN MANGUE C.540G;Nestlé;;Glaces
3274664221218;Buche Signature Choco Blc.507G;Nestlé;;Glaces
3564706717107;BUCHE SIGNATURE COCO MANG.476G;Eskiss Signature;;Glaces
3564706717183;BUCHE SIGNATURE F.ROCHER;Marque Repère;4.492g;
3274664274443;BUCHE SIGNATURE FACON CHEE.486G;;;
3274664222192;Buche Signature Facon Frai.495G;Nestlé;;Glaces
3274664275600;BUCHE SIGNATURE FACON TIRA.472G;;;
3564706717060;BUCHE SIGNATURE NOUGAT FRG.487G;Marque Repère;;Glaces
3274664274108;BUCHE SIGNATURE PASSION FR.491G;;;
3274664274078;BUCHE SIGNATURE PISTACHE F.491G;;;
3564706717145;BUCHE SIGNATURE VANILL CAR.490G;Eskiss;;Glaces
3564706552999;BUCHE VANILLE CARAMEL PE.534G;Eskiss;534g;Glaces
3274664256289;BUCHE VANILLE FRUITS RGES.548G;Pilpa;;Glaces
3274664221324;BUCHETTE  VANIL  CARAMEL X.310G;Nestlé;;Glaces
3274664137519;BUCHETTES CRUNCH X4;Nestlé;326g;
3274664137526;BUCHETTES LION X4;Nestlé;334g;Glaces
3274664222222;Buchettes Pilpa Fraise Van.354G;;;Glaces
3274664202477;BÛCHETTES SMARTIES CHOCOLAT x4;Nestlé;;
3274664202484;BÛCHETTES SMARTIES VANILLE x4;Nestlé;228g;Glaces
3265980786208;BURG OIGNON SG 100GX10 15% T&+;;10 x 100 g;
3265980314142;BURG SG RD FB 125GX8 15% T&+;;1 kg;
3512690002020;BURGER A L OIGNON;Isla Délice;800g;Viande
3512690006172;BURGER BIRYANI CONGELE 400GR;Isla Délice;400 g;Viande
3512690003836;BURGERS VOLAIL.ISLA DELICE;Isla Délice;560g;Viande
3248830225744;CABILLAUD A L'OSEILLE;Marie;400g;Poisson
3760032006452;"CABILLAUD DE FRANCE, HUILE D'OL";Pom Bistro;320g;Poisson
3700818918654;CABILLAUD PACIFIQUE120/140;;500g;Poisson
3564700009239;CALAMAR ROMAINE 40/60  500 GR;Marque Repère;500 g;Poisson
3261080850320;CALAMAR ROMANA MSC;Escal;400g;Poisson
4008467054334;CALAMARS A LA ROMAINE;Costa;400g;Poisson
4008467097447;CALAMARS PANURE CROUSTILL;Costa;1kg;Poisson
3261080850382;CALAMARS ROMANA SURG.700G;Escal;700 g;Légumes
3760287430675;CAROTTES EN RONDELLE;;600g;
3564707087063;CAROTTES RONDELLE 600G BIO VILL;Bio Village;600 g;Légumes
3564700280331;CAROTTES RONDELLES KG;Marque Repère;1 kg;Légumes
3282740371764;CASSOL SAUTERNES 110GX2 PXC;Tipiak;2;Poisson
3282740371672;CASSOL.RIS VEAU/CEPES SURG.220G;Tipiak;;
3282740371719;CASSOL.ST JACQ SABAY SURG.220G;Tipiak;220g;Poisson
3289472001815;CASSOL.ST JACQ.LAITUE MER;La compagnie artique;300g;
3564700686843;CASSOLETTE FRUITS DE MER;Marque Repère;220g;
5391528181506;CAULIFLOWER TOASTIES;Strong roots;375g;Viande
8711327589520;CDO CARAMEL-VANILLE 650ML;Carte D'or;391 g;Glaces
8711327615229;CDO CREME DE VANILLE 700ML;Carte D'or;367 g;Glaces
8711327615090;CDO CREME GLACE CAFE CLMB 700ML;Carte D'or;374 g;Glaces
8711327615045;CDO CREME GLACE CHOCOLAT NOIR;Carte D'or;374 g;Glaces
8711327615274;CDO CREME GLACE CITRON 700ML;Carte D'or;453 g;Glaces
8711327614994;CDO CREME GLACE MENTHE 700ML;Carte D'or;382 g;Glaces
8711327615199;CDO CREME GLACE RHUM-RAISIN;CARTE D'OR;700 ml / 394 g;Glaces
8711327615380;CDO CREME GLACE VANILLE 700ML;Carte D'or;367 g;Glaces
8711327621275;CDO FRAISE MERINGUE 825ML;Carte d'Or;463 g;Glaces
8711327671331;CDO MINI PLAISIR CAFE 200ML;;;
8711327671386;CDO MINI PLAISIR CHOCOLAT 200ML;;;
8711327671065;CDO MINI PLAISIR FRAISE 200ML;Carte d'Or;200 ml;Glaces
8711327618428;CDO VANILLE PECAN 825ML;Carte D'or;470 g;Glaces
8711327615144;CDO VREME GLACE CARAMEL SALE;Carte D'or;373 g;Glaces
8711327615991;CDO YAOURT EXOTIQUE 825ML;Carte D'or;466 g;Glaces
8711327619579;CDO YAOURT FRUITS ROUGE 825ML;Carte D'Or;480 g;Glaces
3293026002074;CEPES & CHAMPI A COMPOTER;;300g;
3434410077364;CEPES A LA CREME.;Magda;300g;Légumes
3434410047268;CEPES ENTIERS 400GR;Magda;;
3664335005658;CEPES MORCEAUX;;300g;
3434410073601;CEPES MORCEAUX 300G+20% OFFERT;Magda;360 g;Légumes
3293026000995;CEPES MORCEAUX SURG;;800g;
3434410013379;CEPES MORCEAUX.300G;Magda;300g;Légumes
3293026002098;CEPES SAUCE VIN DX;;300g;
3415580501019;CG MACADAMIA NUT H-DAZS.560G;Häagen-Dazs;650 ml;Glaces
3760039985729;CG OMELETTE NORV.CITRON.360G;L'Angélys;;Glaces
3083681030990;CH FLEURS/BRO/CAR BOND.750G;Bonduelle;750 g;Légumes
3261080593180;CHAIRS MOULES PACIFIQUE;Escal;800g;Poisson
3564700000373;CHAMP EMINCES 1KG NOTRE JARDIN;Marque Repère;1 kg;Légumes
3564707098878;CHAMPIGN EMINCES BIO VILLAGE;Bio Village;600 g;Légumes
3083681054286;CHAMPIGNONS EMINCES EPAIS;Bonduelle;600g;Légumes
3450971456721;CHAMPIGNONS SURGELES;eco+;1kg;Légumes
3770001676920;CHEESEBURGER 2X130G;;;
3181232518833;CHEESEBURGER 6 X;Charal;140g;Viande
3450970176668;CHEESEBURGERS SURG X6;E. Leclerc;750g;Viande
3564706623873;CHEESEBURGERS SURG X6;Marque Repère;780g;Viande
8008698006771;CHICKEN FINGER;Schär;375g;Viande
3564706806269;CHILI CHEESE NUGGETS SURG;;210g;
5907046277142;CHILL BERRY FRAMB ENROB CHOCO B;Chill Berry;150 g;
3479384295314;CHOU-FLEUR CUIT;Paysan Breton;750 g;Légumes
3083681148299;Chou-Fleur en Fleurettes SRP 75;Bonduelle;750 g;Légumes
3083681161311;CHOUX CUISINES EMMENT GRAN;Cassegrain;400g;Plats cuisinés
3564700000243;CHOUX DE BRUXELLES;Marque Repère;1kg;Légumes
3564700768846;CHOUX FLEUR CUITS;Marque Repère;750g;Plats cuisinés
3083681047967;CHOUX FLEUR/BROC BONDUELLE.750G;Bonduelle;750 g;Légumes
3450970002530;CHOUX FLEURS;Eco+;1kg;Légumes
3564700000250;CHOUX FLEURS 1KG NOTRE JARDIN;Marque Repère;1 kg;Légumes
3564707086981;CHOUX FLEURS 600G BIO VILLAGE;Bio Village;600 g;Légumes
8421542091974;CHUPA CHUPS CONES X3.260G;;;Glaces
3248451065699;CHX FLEUR/BROCOLIS/CAROTTE;D'aucy;750g;Légumes
3564700282250;CIBOULETTE COUPE RUSTICA;Marque Repère;50g;
3331480016029;CITRONS GIVREES 4X280G;;;
3331480000073;CITRONS GIVRES X4 -;Chef Dessert;270g;Glaces
3261080084411;COCKTAIL DE FRUIT DE MER;Escal;900g;Poisson
3760032006469;"COCKTAIL DE FRUITS DE MER, SAUC";Pom Bistro;400 g;Poisson
3564707126236;COCKTAIL DE FRUITS ROUGES BIO;Bio Village;450 g;Légumes
3450970106726;COCKTAIL F. DE MER 500G ECO+;Eco+;500 g;Poisson
3700818907184;COCKTAIL FRUIT DE MER;;400g;Poisson
3564706507234;COCKTAIL FRUITS DE MER SACHET;Marque Repère;500 g;Poisson
3421117000337;COCKTAIL FRUITS ROUGES;;450g;
3495040010213;COCO GIVREES;;4 x 150 ml;Glaces
3564700418109;COEUR FONDANT CHOCOLAT X2;Marque Repère;190g;
4008467053368;COEURS DE FILET DE CABILLAUD;Costa;;Poisson
3564700484289;COEURS FILETS MERLU BLC.400G;Marque Repère;400 g;Poisson
3564706769397;COEURS FONDANTS CARAMEL X2 MR;;;
3700417302151;COFF.PLATEAU FROMAGER X80.745G;Blini;745 g;
3760197635733;COFFR FESTIVES X100 BLINI;Blini;;
3273311630182;COFFRET DE 80 MINI-FEUILLETES;;;
3760197635740;COFFRET FESTIVES X100 955G BLIN;Blini;955 g;Pizza
3760197635696;COFFRET FROMAGER BLINI SUR.420G;Blini;;
3273310164015;COFFRET MF LES RAFFINES;;;
3599741007036;COLIN A LA BORDELAISE MSC;Findus;380g;Poisson
3248830001362;COLIN A LA PARI GRATINER MARIE;Marie;380 g;Poisson
3564700868768;COLIN ALASKA BEUR CITR MSC X2;Marque Repère;400 g;Poisson
3564700000175;COLIN ALASKA BORDELAISE;Marque Repère;400g;Poisson
3599741004677;COLIN ALASKA EXT.CROUSTILL.MSC;l'Atelier Poisson;250 g;Poisson
3599741004400;COLIN ALASKA FACON MEUNIERE X2;Findus;250g;Poisson
3450970060899;COLIN ALASKA PANES X5 ECO+;Eco +;800g;Poisson
3599741005605;COLIN CEREAL/GRAINE SURG.250G;Findus;250 g (2 x 125 g);Poisson
3564700427576;COLIN FLORENTINE COTE TABLE;Marque Repère;400 g;Poisson
3248830001065;COLIN MARIE BOR A GRATINER;Marie;380g;Poisson
3248830001072;COLIN MARIE PROV A GRATINER 380;Marie;380g;Poisson
3564700608142;COLIN MOUTARDE 400 COTE TABL;Marque Repère;400 g;Poisson
3599741005612;COLIN MSC HERBES AIL SURG.225G;Findus;;Poisson
3564700608180;COLIN PARISIENNE 400G MR;Marque Repère;400 g;Poisson
3564700608227;COLIN PROVENCALE 400G MR;Marque Repère;400 g;Poisson
3248839630006;COLIN SAUCE CREVETTES  400GR;Marie;400 g;Poisson
3248830002826;COLIN TIKKA MASALA MARIE;;300g;Poisson
3248830720201;COLIN/PTES ST JACQU.HISSEO;Marie;900g;Poisson
7613031608157;CONE CHOCOLAT EXTREME X8.568G;Nestlé;568 g;Glaces
3274664141288;CONE ECTREME EXOTIC MANGO X6;Nestlé;426 g (6 x 71 g);Glaces
3274664241438;CONE EXTREME CHOCO CARAMEL TOFF;Extrême;426 g / 660 ml;Glaces
3274664141318;CONE EXTREME COEUR FDT NOISETTE;Nestlé;426 g;Glaces
3274664141301;CONE EXTREME COEUR FDT-BROWNIES;Nestlé;426 g e (6 cônes);Glaces
3274664241421;CONE EXTREME LEMON CHEESECAKE;Nestlé;;Glaces
8436575295794;CÔNE EXTRÊME MINI VANILLE;Nestlé;152 g (8 x 39 g);Glaces
3274664141271;CONE EXTREME PINK TROPIC X6;Extrême;x6;Glaces
3033210003339;CONE FRUITS ROUGES EXTREME;Nestlé;438 g e;Glaces
3033210003858;CONE RHUM/RAISINS EXTREME;Nestlé;x6;Glaces
3274664173340;CONE SUNDAE CARAMEL X6.438G;Nestlé;438 g (6 x 73 g);Glaces
3564706661202;CONE VANILLE CARAMEL X6;Trium;4.432g;Glaces
7613031608188;CONE VANILLE EXTREME X8.568G;Nestlé;;Glaces
3564706657816;CONES A L'ITALIENNE CHOCO X4 2;Marque Repère;286 g;Légumes
3564706657854;CONES A L'ITALIENNE FRAISE X4;Trium;286 g;Glaces
3564706661240;CONES CAFE X6;Marque Repère;426g;Glaces
3450970059565;CONES CHOC/PISTACH.8X120ML ECO+;Eco +;520 g;Glaces
3564706660922;CONES CHOCOLAT PISTACHE X6.402G;Trium;;
3564706661127;CONES CHOCOLAT X6;Trium;423g;Glaces
3564706660847;CONES CITRON FRAMBOISE X6.456G;Trium;456 g ou 720 ml;Glaces
3564706665781;CONES COCO X6;Trium;411g;
3564706661004;CONES CREME BRULEE X6;;426g;
3564706661165;CONES FRUITS ROUGES X6;Trium;474.474g;Glaces
3564706661288;CONES MED VANILLE/CHOCO;Marque Repère;344g;
3564706661080;CONES MENTHE CHOCOLAT X6;Trium;4.414g;Glaces
3564706660885;CONES RHUM RAISINS X6;Trium;414g;Glaces
3564706661042;CONES SORBET MANGUE PASSIO.456G;Marque Repère;456 g;Glaces
7613035244320;CONES VAN+VAN/CHOCO EXTREM.544G;Nestlé;544 g (8 cônes);Glaces
3450971460285;CONES VANIL FRAISE X8 512G MR;Eco+;512 g;Glaces
3564706660960;CONES VANILLE CHOCOLAT X6.426G;ELECLERC TRIUM;426 g (6 x 71 g);Glaces
3564706660809;CONES VANILLE FRAISE X6;Trium;42.426g;Légumes
8711327543751;CONES VANILLE REINE DES NEIGES;Disney;152 g;Glaces
3564706660762;CONES VANILLE X6;Marque Repère;402g;Glaces
3760239140768;COPPA CAF  LI GEOIS 2X90G;Italiamo;180 g;Glaces
3760239140720;COPPA CARAMEL BEURRE SAL 2X90G;Saporit;180g;Glaces
3760239140683;COPPA CHOCOLAT LI GEOIS 2X90G;;2 x 180 ml;Glaces
3760239140690;COPPA FRAISE MELBA 2X90G;Saporit;180g;Glaces
3760239140621;COPPA MANGUE VANILLE 2X90G;;;
3282740318745;COQ FDM SCE BP 90GX4 PXC T.360G;Tipiak;360 g;
3282740318646;COQ FDM SCE BP 90GX4 TIPIAK;Tipiak;360 g;Poisson
3282740319018;COQ STJ SCE SANCERRE 90GX1.900G;;;
3165440370384;COQ.ST JACQ NORMAND SURG.360G;Tipiak;360 g;Poisson
3282740370279;COQUIL.ST JACQUES FOND.POIRX X5;Tipiak;;
3282742220138;COQUIL.ST JACQUES NORMANDE X5;Tipiak;;
3165440370407;COQUILLE A LA BRETONNE 4X110GR;Tipiak;360 g (4 x 90 g);Poisson
3450971464573;COQUILLE ST JACQ FDM 360G ECO;Éco +;360g;Poisson
3564709000015;COQUILLE ST-JACQUES 2X100G NRT;Leclerc;200g;Poisson
3564706512481;COQUILLES SAINT JACQUES 2.2x90G;Marque Repère;2 x 90 g;
3450971467024;COQUILLETTE JMBN EMMTL 300G MR;;;
3586410332575;CORDON BLEU DE SAUMON X4.460G;Gimbert Océan;460 g;Viande
3586415332884;CORDON BLEU DE SAUMON.2x460G;;920 g;Poisson
3512690003195;CORDON BLEU PACK FAMILIAL2 KG;Isla delice;2 kg (20 x 100 g);Viande
3230890033131;CORDON BLEU PLT M.COQ SACHET1KG;Maître CoQ;1000 g;Viande
3701004818703;CORDONS BLEU PLT REGHALAL;;400g;
3564700528914;CORDONS BLEUS DE POULET X4 400;Marque Repère;400 g;Viande
3512690000217;CORDONS BLEUS X4;Isla Délice;400g;Viande
3564706810440;CORIANDRE COUPEE SURGELEE;;50g;
3770001676289;CORN DOG 5X50G;;250 g;
8711327537248;CORNETTO CHOCOCOOKIE 140MLX4;Cornetto Soft;324 g;Glaces
8711327489448;CORNETTO VANILLE CACAO X4.324G;Cornetto;324 g;Glaces
8711327489349;CORNETTO VANILLE FRAISE X4.324G;Cornetto;324 g;Glaces
3274664276843;COTE D'OR CHOCO/LAIT NOISETT X4;Côte d'Or;260 g;Glaces
3274664142476;COTE D'OR MINI VANILLE CHOCO X6;Cote d’or;X6;Glaces
3274664276836;"COTE D'OR PISTACHE, CHOCO & AMA";;;
3274664266479;COTE D'OR VANILLE SAUCE CARAMEL;Côte d'Or;;Glaces
8710438114638;COUNTRY POTATOES MCAIN;McCain;780g;Légumes
3564700280379;COURGETTES RONDELLES;Marque Repère;1kg;Légumes
3564707128476;COURGETTES RONDELLES BIO;Bio Village;600g;Légumes
3248830001317;COUSCOUS ROYAL 950G MARIE;Marie;950 g;Plats cuisinés
3760299290946;CREME GLACE REGLISSE;;;Glaces
3760299290465;CREME GLACE VANILLE;LES GLACES DU CANIGOU;600 ml;Glaces
3760299290939;CREME GLACE YAOURT CATALAN;;;Glaces
3760299290496;CREME GLACEE CAFE;;;
3760299290564;CREME GLACEE CARAMEL;;;
3760299290472;CREME GLACEE CHOCOLAT;;;
3760299290700;CREME GLACEE CREME CATALANE;;;Glaces
3760299290762;CREME GLACEE MARRON;;;
3760039982322;CREME GLACEE MARRON.450G;L'Angélys;450 g;Glaces
3760299291028;CREME GLACEE MENTHE INFUSE;;;
3760299290489;CREME GLACEE PISTACHE;;;Glaces
3760299290519;CREME GLACEE ROUSQUILLE;Les glaces du Canigou;600ml;Glaces
3760299290663;CREME GLACEE TOURON;;;
3450970001977;CREME GLACEE VANILLE 1L ECO+;Eco+;500 g;Glaces
3564706710719;CREPE 1/2 LUNE CHEVR LARDON MR;côté table marque repère Leclerc;6 crêpes 300g;
3282741421741;CREPE JBON/EMMETAL SURG.400G;Tipiak;400 g (8 x 50 g);
3450970174800;CREPES 1/2 LUNE JAMB/EMMENTAL;Eco+;;
3564706779136;CREPES 1/2 LUNE PAYSAN X6;;300g;
9557477771281;CREPES FEUILLETEE HALAL NATURE;Bladi;400 g e;Frites
3282741640104;CREPES POMMES CARAMEL 45GX6 TIP;;;Légumes
3564700640432;CREV NORD 90/130 500G PECHE OC;Marque Repère;500 g;Poisson
3450970092043;CREV TROP DEC CUIT SURG 500G EC;Eco+;500 g;Poisson
3564700484623;CREV.NORD.DECOR CUITES.200G;Marque Repère;200 g;Poisson
3450970092036;CREVET VANNAM ENT 400G EC+16/24;Eco+;;Poisson
3760114351043;CREVET.ENT.CRUE ARGENTINE 16/24;;;Poisson
3700818906033;CREVETTE 20/40;;300g;Poisson
3700818905012;CREVETTE 40/60;Cook Shrimp;300g;Poisson
3700818916308;CREVETTE 60/80;;300g;Poisson
3700818905036;CREVETTE DECOR. BLANC. 10/20;;;Poisson
3700818910078;CREVETTE ENTIERE 12/16;;300g;Poisson
3760287430408;CREVETTE SAUV ENT CRUE ARGENTIN;Golfe et Océan;400 g;Poisson
3700818909522;CREVETTE SEA TIGER 2/4 BTE;;800g;Poisson
3700818915608;CREVETTES BLANCHIES 10 PIECES;;;Poisson
4008467052095;CREVETTES COCKTAIL ASC.270G;Costa;270g;Poisson
3760032006438;"CREVETTES CUISINEES AU BEURRE,";Pom Bistro;300g;Poisson
3564700809488;CREVETTES D'ARGENTINE 8/12.400G;Marque Repère;400 g;Poisson
4008467052088;CREVETTES DU PACIFIQUE CLA.270G;Costa;;Poisson
3422540009393;CREVETTES ENTIERE CRUE;;300g;
3564700484296;CREVETTES ENTIERE CRUE MADAGASGAR .16/24;Pêche Océan;400g;Poisson
3567890685023;CREVETTES PANEES;Pescanova;300g;Poisson
4008467052040;CREVETTES ROUGES SAUVAGES.270G;Costa;270g;Poisson
3564700446522;CROISSANT X6 EPI D'OR;Marque Repère;360 g;Légumes
3450971467031;CROISSANTS X20 1.1KG SURG.1.1KG;Eco+;;
3564700011867;CROQ POISSON AIL/FH X6 P.OCEAN;Marque Repère;6 x 50 g;Poisson
3564700793534;CROQUETTES;Marque Repère;1kg;Légumes
3599741005438;CROUSTI CRINKLE SURG.2x130G;Findus;2x130g;Légumes
3599741006794;CROUSTI EXPRESS L'ALLUMETTE 2X1;Findus;100 g;Légumes
3599741006787;CROUSTI EXPRESS LA CLASSIQUE 2X;Findus;100 g;Frites
3599741006763;CROUSTI EXPRESS LA LARGE 2X100G;Findus;2x100g;Légumes
3599741006800;CROUSTI EXPRESS QUARTIERS 2X100;Findus;100 g;Frites
3599741006770;CROUSTI EXPRESS RISSOLEES 2X100;Findus;100 g;Légumes
3599741005421;CROUSTI'BISTRO SURG.2x130G;Findus;130g;Légumes
3599741002871;CROUSTIBAT PETITS TRESORS;Findus;450g;Poisson
3083681186789;CROUSTIS APERO SAVEUR BURG.240G;Bonduelle;240 g;
3083681186819;CROUSTIS APERO SPICY DONUT.200G;Bonduelle;200 g;Légumes
3083681147834;Croustis brocolis.305G;Bonduelle;305 g;Légumes
3083681147926;Croustis butternut potiron.305G;Bonduelle;305 g;Légumes
3083681147957;Croustis choux-fleurs.305G;Bonduelle;305 g;
3083681187236;CROUSTIS SNACKING BOLO.240G;Bonduelle;240 g;Légumes
3567890333184;CRUNCHY - FILET DE COLIN;;;Poisson
3567890451017;CRUNCHY - FILET DE MERLU;Pescanova;;Poisson
3230890004544;CRUSTY NUGGET PLT M.COQ;Maître CoQ;380g;Viande
3700818918425;CUISSE DE GRENOUILLE;;400g;
8710557012334;CUISSES GRENOUILLE YOGA 20/30;;500 g;Légumes
3564706819177;CURRY DE LENTILLES CORAIL.750G;;;
3248830001324;CURRY DE POULET 950G MARIE;Marie;950 g;Plats cuisinés
3564706666566;CURRY POULET INDIENNE;Tables du Monde;900g;Viande
3512690004062;DELICE FINGERS;Isla Délice;400g;Viande
3564706819221;DELICE LENTILLE CHAMPI;;750.750g;
3274664238346;DELICE PISTAC/VANIL/F.RGES.540G;Nestlé;;
3331482000903;DELICES CHAMPAGNE X4 -;Glace aux champagne;280g;Glaces
2669015000000;DEMI LANGOUSTE CUITE SF;;230g;Poisson
3661945010676;DESSERT GLACÉ MOCHI FRAISE;Mei Asia;180g;Glaces
8711327541559;DISNEY BUZZ L'ECLAIR 55ML;Disney;342 g;Glaces
3567891101003;DOS CABILL.SURG PESCANOVA.300G;Pescanova;300g;Poisson
3700818912737;DOS CABILLAUD;;;Poisson
3700818916797;DOS CABILLAUD S/PEAU;;;Poisson
3586410321616;DOS COLIN D'ALASKA SURG.3x400G;;3 x 400 g;Poisson
3599741001911;DOS DE CABILLAUD FINDUS X4;Findus;440g;Poisson
3599741000488;DOS DE COLIN D'ALASKA X6;Findus;660g;Poisson
3567890450980;DOS DE MERLU AVEC PEAU;Pescanova;;
3567891164770;DOS MERLU BLC S/PEAU SURG.400G;Pescanova;400g;Poisson
3599741004455;DOUBLE DELICE COLIN D'ALASKA X8;Findus;600 g;Poisson
3282740381206;DUO CREVETTES CABILLAUD 125GX2;;;Poisson
3083681168044;DUO DE CAROTTES & PANAIS;Bonduelle;750g;Légumes
3564700708248;DUO DE COURGETTES ET TOMATES 9;Marque Repère;900 g;Légumes
3564707104357;DUO DE FLEURETTES BIO;Bio Village;600g;Légumes
3564700481721;DUO TOMAT/COLIN X8 MR;Marque Repère;600 g;Poisson
9555018504398;EASY GAMBAS;Pacific West;300g;Poisson
3564700282243;ECHALOTE SURGELEE COUPE;Marque Repère;100g;
3450970169202;ECO+ CONES VANILLE X8;Eco+;556g;Glaces
3450970173834;ECO+ NUGGETS DE VOLAILLE;Eco+;500g;Viande
3760234501335;ECRASE BIO SURG TAJINE 8M.400G;Yooji;;
3760032005929;ECRASE FACON GRAND MERE;Pom Bistro;450g;Légumes
3564706537439;ECRASE PDT ET CEPES;Marque Repère;400g;
3564706537422;ECRASE PDT TRUFFE  POMLISSE;Marque Repère;;
8410547935772;ECREVISSE A LA NAGE ESP.;;500g;Poisson
3700818906743;ENCORNET FRITURE (PUNTILLA);;400 g;
3564707087025;EPINARD BRANCHE 600G BIO VILLAG;Bio Village;600 g;Légumes
3599741006329;EPINARD BRANCHE CREME;Findus;480g;Légumes
3083680836371;EPINARD FEUILLE PRESERVEE;Bonduelle;750g;Légumes
3564700026175;EPINARD HACH CREM NOTRE JARDIN;Marque Repère;1 kg;Légumes
3599741006312;EPINARD HACHES A LA CREME;Findus;500g;Légumes
3564700152454;EPINARDS BRANCHE CREME;Marque Repère;1kg;Légumes
3599741004707;EPINARDS BRANCHES CREME;Findus;800g;Légumes
3564700005729;EPINARDS BRANCHES NOTRE JARDIN;Marque Repère;1 kg;Légumes
3564700475386;EPINARDS FEUILLES NOTRE JARDIN;Marque Repère;600 g;Légumes
3564700005507;EPINARDS HACHES;Marque Repère;1kg;Légumes
3599741006350;Epinards haches a la creme;Findus;900g;Légumes
3564707122726;EPINARDS HACHES A LA CREME BIO;Bio Village;600 g;Légumes
3564707125635;EPINARDS HACHES BIO;Bio Village;600g;Légumes
3564706804722;EPINARDS HACHES CREME BARQ 450;;;
3104544015432;ESCALOPE F.G CANARD CRU 450G AP;Montfort;450 g;Viande
3248833087998;ESCALOPE VOLAILLE CR.MARIE;Marie;900g;Plats cuisinés
3664335004781;ESCARGOT BOURG SURG 110G X12;L'Origine du Goût;110g;Poisson
3664335003531;ESCARGOT BOURGOGNE SURG;;220g;Poisson
3564706610804;ESCARGOTS BG LABEL RGE X12;;96g;Poisson
3230890050800;ETUI 8 STEAK HACH PLT800G IQF;Maître CoQ;800 g;Viande
3599741005629;EXT.CROUSTI BORDELAISE MSC;Findus;380g;Poisson
3265980310953;EXTRA TENDR SG 100GX10 15% T&+;Tendre & Plus;1 kg (10 x 100 g);Viande
3512690006080;EXTRA TENDRE BŒUF CONGELE;Isla Délice;2kg;
3512690001191;EXTRA TENDRE BOEUF X10;Isla Délice;800g;Viande
7613035887909;EXTREME CAFE INTENSE 6X71G;Nestlé;426 g;Glaces
7613034965899;EXTREME CHOCOLAT INTENSE 720ML;Extrême;426 g;Glaces
7613035452930;EXTREME CITRON FRAMBOISE 6;Nestlé;426 g;Glaces
3274664206567;Extreme Citron jaune/Citron ver;Nestlé;474 g;Glaces
3274664249977;EXTREME CONE CHOCOLAT X4;Nestlé;4 x 71 g;Glaces
3274664249991;EXTREME CONE FRAISE VANILLE X4;Nestlé;;Glaces
3274664250034;EXTREME CONE VANILLE X4;;;Glaces
8436575295671;EXTREME COOKIE CÔNE VANILLE;Nestlé;4;Glaces
7613035058910;EXTREME MACARON CARAMEL X6;Nestlé;396 g (6 x 66 g);Glaces
7613035892811;EXTREME MENTHE CHOCOLAT 6X;Extrême;426 g;Glaces
3274664242473;EXTREME MINI CAFE X8;Extrême;312g;Glaces
3274664225216;EXTREME MINI FRAISE VANILLE;;;Glaces
3274664262198;EXTREME MINI MIX;Nestlé;234 g;Glaces
7613035468566;EXTREME MINI VANILL/CARAM.8X39G;Nestlé;312 g (8 x 39 g);Glaces
7613035468535;EXTREME MINI VANILL/CHOCO 8X39G;Nestlé;"312 g ℮, 8 cônes";Glaces
7613035357051;EXTREME MYSTERE VAN CHOC 520ML;Nestlé;308 g (4 Mystère);Glaces
7613035009301;EXTREME MYSTERE VANILLE 520ML;Nestlé;1pcs;Glaces
3274664243425;EXTREME PARFUMS FRAMBOISE CREME;Nestlé;417 g;Glaces
7613035892897;EXTREME PISTACHE CHOCO INT;Nestlé;426 g;Glaces
3274664261382;EXTREME SALTED CARAMEL X6;Extrême;426g;Glaces
3274664173357;EXTRÊME SUNDAE CHOCOLAT X6;Nestlé;438 g e (6 cônes);Glaces
3274664206604;Extreme Trois chocolats x6;Extrême;444 g;Glaces
7613035887930;EXTREME VAN FRAISE ONCTUEU;Nestlé;426 g;Glaces
7613034965868;EXTREME VANILLE MADAGASCAR;Nestlé;6 * 120 ml;Glaces
7613034077943;EXTREME VANILLE PRALINE X6;Nestlé;426 g;Glaces
3274664264932;EXTREME VANILLE/CHOCOLAT X6;Extrême;444 g;Glaces
3104544013131;F.GRAS CANARD CRU 450G DEVEINE;Maison Montfort;450g;Viande
3564700433621;FAGOTS DE HARICOTS VERTSX6;Marque Repère;270g;Légumes
3421110216186;FAGOTS HARICOT VERT LARDES;;270g;Légumes
8000500406267;FERRERO ROCHER BATONNET GLACE;Ferrero;138 g;Glaces
3760197636907;FEUILL.NUIT ENCHANTE SURG.320G;Blini;320g;
3282740200200;FEUILL.ST JACQ BEURRE SURG.240G;Tipiak;;
3760184013919;FEUILLE DE SAMOSSA;;;
3274664220525;FEUILLES CRAQ.CHOCO/BLC FR.540G;Nestlé;;Glaces
3289475002277;FEUILLETE BOURSIN AFH X6 PRIX C;La Compagnie Artique;;
3564700217566;FEUILLETE FROM.DE CHEVR 4X;Marque Repère;100g;
3564700217559;FEUILLETE JAM/FROMAGE 4X;Marque Repère;100g;Entrée
3564700528716;FEUILLETES 2 SAUMONS X4;Marque Repère;400g;Poisson
3289475005209;FEUILLETES AU SAUMON PC.480G;;;Poisson
3450970099028;FEUILLETES FROMAGE X10 ECO+;E.Leclerc;650 g (10 x 65 g);
3450971450385;FEUILLETES JAMB FROMAG X10;;;
3289475005193;FEUILLETES ST JACQUES PC.480G;La Compagnie Artique;;
3564700217542;FEUILLETES STJACQ&FRUITS MER 4;Marque Repère;400 g;Poisson
3421110404217;FEVES DE SOJA EDAMAME;;300g;Légumes
3564700708149;FEVES NON PELEES;Marque Repère;1kg;Légumes
3421110402350;FEVES PELEES SACHET;;600g;Légumes
3700818905364;FILET CABILLAUD;Seablue;500g;Poisson
3564706599260;FILET CABILLAUD SURGELE SA.800G;Pêche Océan;800g;Poisson
3564700000427;FILET CABILLAUD X4 PECHE OCEAN;Marque Repère;400 g;Poisson
3564700000434;FILET COLIN ALASAKA X4 P.OCEAN;Marque Repère;4 x 100 g;Poisson
3599741003465;FILET COLIN ALASKA MEUNIERE X2;Findus;250 g;Poisson
3700818916254;FILET COLIN ALASKA S/P;;500g;Poisson
3564700005811;FILET COLIN ALASKA X10 P.OCEAN;Marque Repère;1 kg;Poisson
3760207931206;FILET DE BAR MEDITERRANEE;Pacific West;300g;Poisson
3586410323399;FILET DE LIMANDE 300G MSC;;;Poisson
3564700484371;FILET DE LIMANDE DU JAPON;Marque Repère;500g;Poisson
3564700997529;FILET DE MERLU MSC SACHET;Pêche Océan;800g;Poisson
3567892011035;FILET DE MORUE;Pescanova;400g;Poisson
3180730100397;FILET DE PANGAS;;800g;Poisson
3180730310024;FILET DE SOLE TROPICALE;;500g;Poisson
3599741003380;FILET FACON FISH/CHIPS X4;Findus;400g;Poisson
3564700433775;FILET MERLU BLANC MEUNIERE;Marque Repère;450g;Poisson
3700818912751;FILET MERLU BLC MSC;;500g;
3599740008195;FILET PANE COLIN LIEU X4;Findus;400g;Poisson
3700818915912;FILET PANGAS ASC;;800g;Poisson
3700818905555;FILET ROUGET;;;Poisson
3248839599006;FILET SAUMON CREME OSEIL. 400G*;Marie;400 g;Poisson
3450970106641;FILETS COLIN ALASKA SURG 1KG V;Eco +;1kg;Poisson
3599740006757;FILETS COLIN D'ALASKA X4;Findus;400g;Poisson
3564700611548;FILETS DE LIMANDE MEUNIERE 400;Marque Repère;400 g;Poisson
3586410323627;FILETS DE LOTTE DE CHINE.2x300G;;;
3599741002017;FILETS ET DOS DE CABILLAUD;Findus;450g;Poisson
4008467053320;FILETS SAUMON SAUVAGE MSC;Costa;500g;Poisson
3564706599222;FILT CABILLAUD NAT X4 MSC;pêche océan;400g;Poisson
3564706504530;FILT CABILLAUD PANEX4 MSC;Pêche Océan;500g;Poisson
3248830000495;FINE CUISINE PAPILL.CABILL.300G;Marie;300 g;Poisson
3248830002208;FINE CUISINE PAPILLOTE DE SAUMO;Marie;;
9555018506668;FISH & CHIPS COLIN ALASKA;;800g;Poisson
3599741004653;FISH/CHIPS MALT MSC;Findus;240g;Poisson
3599741004660;FISH/CHIPS SALT/VINEGAR MSC;Findus;2 x 120 g;Poisson
3564706735729;FISH&CHIPS COLIN 400G MR;Marque Repère;;Poisson
9555018509973;FISH&CHIPS COLIN ALASKA 2X800G;;;Poisson
3273310346428;FLAMMEKUECHE ROQUEFORT 2X250G;Kauffer's;;Pizza
3273310041781;FLAMMEKUECHES ALSACIENNE 3X260G;Kauffer's;780 g (3 * 260g);Pizza
3564709001784;FLAMMEKUECHES SURG 500G NRT;Leclerc;2 x 250 g;Pizza
3599741005001;FLT COLIN FISH/CHIPS MSC 2X400G;;;Poisson
3599741005193;FLT DE COLIN ALASKA MSC X6;Findus;600g;Poisson
3599741000365;FLT PANE COLIN ALASKA FF X8;Findus;680 g;Poisson
3512690004413;FLT PLET PANURE TENDERS;Isla Délice;360g;Viande
3599740006771;FLT SAUMON ROSE PACIFIQ.X4;Findus;400g;Poisson
3599741001843;FLT SAUMON ROSE PACIFIQ.X4;Findus;440g;Poisson
3564709198729;FOIE GRAS CAN CRU IGP PER.500G;Nos Régions ont du Talent;500g;Viande
3443705077903;FOIE GRAS CANARD EXT.EVEIN;;500g;Viande
3443705078672;FOIE GRAS CANARDS EVEIN;;550g;
3760112449223;FOIE GRAS EVEINE;;550g;
3421110001348;FONDS D' ARTICHAUTS;;1kg;
3760287430279;FRAISES;Fresh Cueillette;500g;Légumes
3331480013073;FRAISIER;MAISON PROLAINAT;535g;Légumes
3760287430293;FRAMBOISE;Fresh cueillette;500g;Légumes
3421110001331;FRAMBOISE ENTIERE SURGELEE;;1kg;Légumes
3770037223020;FRAMBOISES ENROBEES CHOCO BLC;Idalia;;
3770037223006;FRAMBOISES ENROBEES CHOCO LAIT;Idalia;150g;
3770037223105;FRAMBOISES ENROBEES CHOCO PISTA;Idalia;150 g;Glaces
3564700457320;FRAMBOISES SURG. 1KG FRUISTAR;Marque Repère;1 kg;Légumes
8437020396011;FRANUI FRAMBOISE CHOCOLAT LAIT;Franui;150g;Glaces
8437020396028;FRANUI FRAMBOISE CHOCOLAT NOIR;Franui;150g;
8710438123999;FRITE BELGE 1.080 KG MCCAIN;McCain;"1,08 kg";Légumes
8710438123814;FRITE FOUR ALLUMETTE 1.69K MCC;McCain;"1,69 kg";Légumes
8710438123784;FRITE FOUR ALLUMETTE 700G MCCAI;McCain;100g;Frites
8710438123722;FRITE FOUR CLASS 1.69K MCCAIN;McCain;1.690kg;Légumes
8710438123548;FRITE FOUR STEACKHOUSE 700G MCC;McCain;700 g;Frites
3564700774090;FRITES 6X6 SACHET;Marque Repère;2.5kg;Frites
3564700006313;"FRITES 6X6, KG ZIP POM'LISSE";Marque Repère;1 kg;Frites
3564700006306;FRITES 9/9 POM'LISSE;Marque Repère;1kg;Légumes
3564700006320;FRITES 9/9 POM'LISSE;Marque Repère;2.5kg;Légumes
3450970025362;FRITES 9X9 ECO +;Eco +;2.5kg;Légumes
8710438123968;FRITES ALLUMETTES 1.08KG MCCAIN;McCain;1.08 kg;Légumes
3564706760868;FRITES ALLUMETTES FOUR 2KG MR;Marque Repère;2kg;Légumes
3760032005431;FRITES AU ROMARIN 500G POM BIST;;;Légumes
3599741005773;FRITES BELGES ALLUMETTE.1KG;Belviva;;Frites
3599741005780;FRITES BELGES AU FOUR.600G;;;Frites
3564706760875;FRITES CLASSIQ 9X9 FOUR 2KG MR;Marque Repère;2kg;Légumes
5902162000889;FRITES CLASSIQUES;World Of Taste;1kg;Frites
8710438116281;FRITES DE PATATE DOUCE;McCain;500g;Légumes
3564706561939;FRITES DE PATATES DOUCES;Pom’lisse;600g;Légumes
3760032002706;FRITES DU CH'NORD;Pom Bistro;500g;Frites
3760032001884;FRITES DU SUD OUEST;Pom Bistro;500g;Frites
8710438123692;FRITES FOUR CLASSIQUE 700G MCCA;McCain;700 g;Légumes
8710438123630;FRITES FOUR EXPRESS 600G MCCAIN;McCain;600g;Légumes
8710438112429;FRITES MCCAIN COTE CHEF;MC CAIN;650g;Frites
8710438107975;FRITES MCCAIN COTE COMPTOIR650G;McCain;650 g;Légumes
8710438108002;FRITES MCCAIN COTE RESTO;McCain;650g;Légumes
3760032005448;FRITES PIMENT D'ESPELETTE;;500g;Frites
3230890407420;FRITES PLET M.COQ SACHET;Maître CoQ;1kg;Viande
3564700865903;FRITES RUSTIQUE POM'STEAK FOUR;Marque Repère;600 g;Légumes
3564706561922;FRITES RUSTIQUES;Marque Repère;600g;Légumes
5902162000827;FRITES RUSTIQUES;World Of Taste;750g;Frites
3760032002959;FRITES RUSTIQUES 500G POM BISTR;Pom Bistro;500g;Frites
8710438123876;FRITEUSE TRADITION 1.08K MCCAIN;McCain;1080 g;Frites
8710438123845;FRITEUSE TRADITION 2.066K MCCAI;McCain;"2,66 kg";Légumes
3760114350381;FRITURE DE JOELS SACHET;Golfo Nuevo;1kg;Poisson
3760287430286;FRUITS ROUGES CASS/FRAM/MUR/MYR;fresh cueillette;500g;Légumes
3564700683460;FRUITS ROUGES SURGELES;Marque Repère;650g;Légumes
3273310911121;GALETTE AU PDT X10 + 2 OFFERTES;KAUFFER'S;;
3282741660225;GALETTE CHAMP/JBON/EMMENTA.250G;Tipiak;250 g;
3273310941128;GALETTE PDT/LARDONS X12;Kauffer's;804g;
3273310346343;GALETTE POMME DE TERRE 10X67G;KAUFFER'S;670 g;Frites
3165441660002;GALETTES JAMB/FROMAGE  2X125G;Tipiak;250 g;Entrée
3282740599151;GALETTES JAMBON/EMM.TIPIAK.170G;Tipiak;170 g;
3165441660026;GALETTES NOIX ST JACQUES 2X125G;Tipiak;250 g (2 unités);Poisson
3564709165738;GALETTES PDT A L'ALSACIENNE 67;Nos Régions ont du Talent;670 g;Légumes
3564700484630;GAMBAS CREVETTE GEANTE 12/.400G;Marque Repère;400 g;Poisson
4008467052156;GAMBAS DU PACIFIQUE ASC;Costa;250g;Poisson
3564700484395;GAMBAS ENTIERE CRUE SURG;Marque Repère;400 g;Poisson
3567890128902;GAMBAS ROUGE A GRILLE;Pescanova;800g;Poisson
3586410411300;GAMBAS ROYALE RGE 16/20;;800g;Poisson
3586410413359;GAMBAS ROYALES ROUGES 8/10;;400g;Poisson
9555018504534;GAMBAS SAUV.ATLANTIQUE 10/15;;;
9555018504602;GAMBAS SAUV.ATLANTIQUE 6/8;Pacific West;400g;Poisson
9555018509102;GAMBAS SAUV.TIGER 25/30 X3;pacific west;400g;Poisson
9555018504459;GAMBAS SAUVAGE 10/15;Pacific West;300g;Poisson
3586410413373;GAMBAS SAUVAGE ROY.RGE 8/12G;Gimbert Océan;400 g;Poisson
3586410412468;GAMBAS SAUVAGE ROYALE 12/18 300;Gimbert Ocean;300 g;Poisson
3564700484647;GAMBAS SAUVAGES 4/7P;Marque Repère;400G;Poisson
3567890108324;GAMBAS TROPICALES ROSES;Pescanova;50.500g;Poisson
3274667005341;GAMME PIRULO MIX.300G;Nestlé;300g;Glaces
5425005609525;GAUFRE BRUXELLES;;;
3434410073182;GIROLLES A LA CREME;Magda;300g;
3293026000650;GIROLLES PETITE SURG;;;
3664335005696;GIROLLES SAUVAGES ENTIERES.300G;;;
3415581571813;GL MINICUP FAVORITE H-DAZS.318G;Häagen-Dazs;4 x 95 ml;Glaces
8436575298092;GL SMARTIES POP UP X4.208G;;208 g;Glaces
3564700014349;GLACE CAFE  TROFIC 1LT;Marque Repère;1 l;Glaces
3564700014363;GLACE CHOCOLAT  TROFIC 1LT;Marque Repère;1 l;Glaces
3564700061657;GLACE FEUILLETE CAPP 650ML TRO;Marque Repère;650 ml;Glaces
8000500443576;GLACE KINDER BUENO LAIT X6;Kinder;;Glaces
8000500443590;GLACE KINDER BUENO WHITE X6;Kinder;;Glaces
3564700014370;GLACE MENTHE/CHOC.TROF.1L STOCK;Marque Repère;1 l;Glaces
4007993014317;GLACE MINI CONES MILKA X8.200ML;Milka;200 ml / 140 g;Glaces
3564700574515;GLACE NOIX DE COCO 1L;Marque Repère;1 l;Glaces
3549190020018;GLACE PILEE;;2kg;Glaces
3450971467598;GLACE PILEE 2KG ECO+;;;Glaces
3564700014387;GLACE PISTACHE TROFIC 1LT STOCK;Marque Repère;1 l;Glaces
3564700014400;GLACE RHUM/RAISINS TROF.1L STCK;Marque Repère;1 l;Glaces
3564700014417;GLACE VANILLE  TROFIC 1LT;Marque Repère;1 l;Glaces
3459223560636;GLACIERE ISOTHERME JUTE;;;
3549190020001;GLACONS;;2kg;
3450971467581;GLACONS CUBES 2KG ECO+;;;
3760032005066;GNOCCHI HERBES PROVENCE;POM BISTRO;400g;Frites
5410171004793;GOLDEN CROQUETTE MC CAIN;MC CAIN;1kg;Légumes
3564700799192;GOUGERES AU FROMAGE X20;Côté table;140g;Légumes
3282740070490;GOUGERES COEUR FONDANTX10;Tipiak;110g;Légumes
3564700200414;GRATIN AUBERGINES COTE TABLE;Marque Repère;450 g;Plats cuisinés
3564700200407;GRATIN CHOUX FLEUR COTE TABLE;Marque Repère;450 g;Plats cuisinés
3564700708293;GRATIN DAUPHINOIS;Marque Repère;450g;Frites
3248830002215;GRATIN DAUPHINOIS MARIE;Marie;900g;Frites
3248830000297;GRATIN DE MACARONI 900G MARIE;Marie;900 g;Plats cuisinés
3017800512326;GRATIN EPINARD PDT 300G DAUCY;DAUCY;;Légumes
3017800512265;GRATIN LEG SOLEIL 300G DAUCY;D'Aucy;;Plats cuisinés
3017800512364;GRATIN PDT CHOUX FLEUR 300G DAU;D'Aucy;;Plats cuisinés
3760197637768;GYOZA BOEUF LEGUMES SURG.212G;Ajinomoto;;Viande
3700417302229;GYOZA BOEUF/LEGUMES.400G;Ajinomoto;400 g;Viande
3700417301840;GYOZA CREVETTES 212 g.212G;Ajinomoto;212 g;Poisson
5905279248076;GYOZA LEGUMES AVEC SAUCE S.212G;Ajinomoto;212 g;Légumes
3700417302212;GYOZA LEGUMES.400G;Ajinomoto;400 g;Légumes
5905279248069;GYOZA PLET/LEGUMES AVEC SA.212G;Ajinomoto;212 g (10 pièces);Viande
3700417302861;GYOZA PORC X20;;;
3564706714786;GYOZAS LEGUMES X10 212G MR;Marque Repère;212 g;Légumes
3564706714748;GYOZAS PLT LEGUMES X10 212G MR;Tables du Monde;212g;Légumes
3083681070354;H.VERTS/H.BEURRE SURG.750G;Bonduelle;750 g;Légumes
3415581545715;HAAGEN-DAZS CARAMEL COLLECT.X4;Häagen-Dazs;324 g (4 x 81 g);Glaces
3415581154719;HAAGEN-DAZS COOKIE DOUGH;HÄAGEN-DAZS;394g;Glaces
3415581162714;HAAGEN-DAZS DULCE DE LECHE;Häagen-Dazs;400g;Glaces
3415581122015;HAAGEN-DAZS MACADAMIA NUT;Häagen-Dazs;400g;Glaces
3415581587715;HAAGEN-DAZS MINIPOT SORBET X4;Häagen-Dazs;4 x 95 ml;Glaces
3415587128011;HAAGEN-DAZS PEANUT BUTT.CRUNCH;General Mills;460ml;Glaces
3415581153019;HAAGEN-DAZS PRALINES CREAM;Häagen-Dazs;400g;Glaces
3415581114713;HAAGEN-DAZS SALTED CARAMEL;Häagen-Dazs;400g;Glaces
3415581586718;HAAGEN-DAZS VANILLA COLLECT.X4;Häagen-Dazs;4 X 95 ml;Glaces
3415581115017;HAAGEN-DAZS VANILLA PECAN;Häagen-Dazs;400g;Glaces
3415581101010;HAAGEN-DAZS VANILLE POT;Häagen-Dazs;400g;Glaces
3701004818932;HACHE DE POULET REGHALAL;Réghalal;480g;Viande
3512690004222;HACHE DE POULET ROTI X8;Isla Délice;640g;Viande
3760234500451;HACHE DINDE BIO 6M;Yooji;120g;Viande
3661112851477;HACHE MOELLEUX BF VBF 20X80G;;;Viande
3661112851484;HACHE MOELLEUX BF VBF VRAC;Marque Repère;600g;Viande
3181232519472;HACHE MOELLX HAPPY FAMILY;Charal;600g;Viande
3661112081072;HACHE OIGNON SURGELE X10 VBF;Marque Repère;1 kg;Viande
3661112081089;HACHE SUPERTENDRE SURG X10 VBF;Marque Repère;1 kg;Viande
3760234509072;HACHES DE BF BIO SURG 6M.800G;Yooji;80 g;
3760234509096;HACHES DE SAUMON SURG 6M.80G;YOOJI;;Légumes
3181232519755;HACHES HAPPY FAMILY 20X80G;Charal;"1,6 kg";Viande
3181231001367;HACHES PUR BOEUF ZIP GRIP;Charal;400g;Viande
3450970024402;HACHI PARMENTIER;Eco+;1kg;Viande
3564700365595;HACHIS PARMENTIER C.TABLE 600GR;Marque Repère;600 g;Plats cuisinés
3564700000151;HACHIS PARMENTIER COTE TABLE 1K;Marque Repère;1 kg;Plats cuisinés
3248830116547;HACHIS PARMENTIER MARIE;Marie;300g;Plats cuisinés
3248830723431;HACHIS PARMENTIER MARIE;Marie;1kg;Plats cuisinés
3248830723448;HACHIS PARMENTIER MARIE SU.600G;Marie;600 g;Plats cuisinés
3760109520102;HAMBURGER SURG X10 15% MG ECO+;Eco+;1kg;Viande
3512690000194;HAMBURGERS ISLA DELICE X10;Isla Délice;800g;Viande
3083681115949;HARIC.VERT SS RESIDU PESTIC750G;Bonduelle;750 g;Légumes
3564707091121;HARICOT VERT 600G BIO VILLAGE;Bio Village;660 g;Légumes
3248451023798;HARICOT VERT EF A RECHAUFF.750G;D'aucy;750 g;Légumes
3248451023064;HARICOT VERT EXT.FIN AUCY;D'aucy;1kg;Légumes
3564700005675;HARICOT VERT EXTRA FIN KG.1KG;Marque Repère;1 kg;Légumes
3248451065798;HARICOT VERT/BEURRE/OIGNON;D'aucy;750g;Légumes
3564700753842;HARICOTS BEURRE EXTRA FINS;Marque Repère;1kg;Légumes
3564700515990;HARICOTS PLATS  NOTRE JARDIN;Marque Repère;1 kg;
3450970002516;HARICOTS T.FINS ECO +;Eco+;1kg;Légumes
3083681097658;HARICOTS VERTS BIO;Bonduelle;500g;Légumes
5902162363212;HARICOTS VERTS COUPES IP;;2.5kg;
3564700768839;HARICOTS VERTS CUITS;Marque Repère;750g;Légumes
3083680019408;HARICOTS VERTS EXTRA FINS;Bonduelle;1kg;Légumes
3760287430668;HARICOTS VERTS EXTRA FINS;;600g;
3564700005668;HARICOTS VERTS TRES FINS;Marque Repère;1kg;Légumes
3564706504578;HOMARD CUIT SOUS VIDE MSC;Marque Repère;325g;Poisson
3181232534321;HOT DOG KETCHUP 125GX4;Charal;4 x 125 g;
3770001676890;HOT DOG NEW-YORKAIS 2X120G;;;
3512690006066;ID BURGERS CONGELE;Isla Délice;2kg;Viande
3512690004840;ID CORDON BLEU FACON RACLETTE;Isla delice;420 g;Viande
3512690004987;ID M'SEMEN;Isla delice;300g;Frites
3512690007179;ID PIZZA KEBAB HALAL;isla délice;420g;Pizza
3512690007162;ID PIZZA ROYALE HALAL;Isla Dèlice Halal;430g;Pizza
3512690005205;ID SAMOSSAS DE DINDE X5;Isla Délice;200g;
3512690004864;ID TENDERS ORIGINAL;Isla delice;2kg;Viande
8410547926657;JOELS;;500g;
3564700368138;JULIENNE LEGUMES NOTRE JARDIN;Marque Repère;600 g;Légumes
3564707104364;JULIENNES DE LEGUMES BIO;Bio Village;600g;Légumes
5391528181513;KALE & QUINOA CRUSH;Strong Roots;300g;Viande
3700417302878;KARAAGE X10;Ajinomoto;250g;Viande
3512690001009;KEBAB DE POULET;Isla Délice;400g;Viande
3760051584375;KEBAB LAMELLE;France Kebab;400g;Viande
3760051585174;KEBAB LAMELLE POULET/DINDE;France Kebab;750g;Viande
3181232518642;KEBABS CHARAL SNACK 2X250G;Charal;500 g;Viande
8000500384664;KINDER BUENO CLASSIC GLACE;Ferrero;248g;Glaces
8000500384718;KINDER BUENO WHITE GLACE;Ferrero;248g;Glaces
8000500406427;KINDER CHOCOLATE GLACE;Kinder;152g;Glaces
8710438123906;LA FRITE STEACKOUSE 1.08K MCCAI;McCain;1080g;Légumes
3274664257347;LA LAITIERE BAC CAFE;Nestlé;490g;Légumes
3274664225711;LA LAITIERE BAC CARAMEL BEURRE;Nestlé;490 g;Glaces
3274664225681;LA LAITIERE BAC CHOCOLAT;Nestlé;490 g;Glaces
3274664257330;LA LAITIERE BAC CITRON;La Laitière;;
3274664257323;LA LAITIERE BAC FRAISE;NESTLÉ LA LAITIÈRE;558 g;Glaces
3274664257316;LA LAITIERE BAC MENTHE CHOCOLAT;Nestlé;;Glaces
3274664282646;LA LAITIERE BAC POIRE.558G;;;
3274664225698;LA LAITIERE BAC RHUM RAISINS;;;
3274664225704;LA LAITIERE BAC SAVEUR CREME BR;Nestlé;;Glaces
3274664225674;LA LAITIERE BAC VANILLE BOURBON;Nestlé;490 g;Glaces
3274664225728;LA LAITIERE BAC VANILLE PECAN;Nestlé;490 g e;Glaces
3256830002951;LA NOISETTE MC CAIN;MC CAIN;1kg;Légumes
4002084344113;LA PIZZA LA ROYALE POULETO;Pizzaiolo;478g;Pizza
4002084344076;LA PIZZA SIX FROMAGIO PIZZ;Pizzaiolo;480g;Pizza
3256830002920;LA RISSOLEE MC CAIN;McCain;1kg;Légumes
3277670000945;LAMELLE DE DINDE KEBAB REGHALAL;;400g;Viande
3564706792869;LAMELLE DE KEBAB 750G SURG MR;;;
3760051588212;LAMELLE KEBAB FAMILY;France kebab;400g;
3760114359926;LAMELLES ENCORNETS;;800g;Poisson
3700818908570;LANGOUSTE CARAIBE X2;;280g;Poisson
3564700874776;LANGOUSTINE ENTIER CRUE;Marque Repère;21.800g;Poisson
8717496007339;LANGOUSTINE QUE. CR. 30/45;;700g;
3564700516034;LANIERES POIVRON SURG.600G NJ;Marque Repère;600 g;Légumes
3248830723486;LASAGNE BOLOGNAISE MARIE;Marie;1kg;Plats cuisinés
3564700414187;LASAGNE CHEVRE E 500G COTETABL;Marque Repère;500 g;Plats cuisinés
3264295102024;LASAGNE SAUMON EPINARD.900G;COMPTOIR DES MARÉES;900 g;Poisson
3264295102031;LASAGNE THON CDM.900G;Comptoir des marées;;Poisson
3564700477007;LASAGNES 2 SAUMONS SURG. 1KG CT;Marque Repère;1 kg;Poisson
3564706504257;LASAGNES AU SAUMON SURG;Marque Repère;300g;Poisson
3564700476925;LASAGNES BOLO 300G COTE TABLE;Marque Repère;300 g;Plats cuisinés
3450970027694;LASAGNES BOLOGNAISE;Eco+;1kg;Viande
3248830116530;LASAGNES BOLOGNAISE MARIE;Marie;300g;Plats cuisinés
3248830723479;LASAGNES BOLOGNAISE MARIE;Marie;600g;Plats cuisinés
3564700000137;LASAGNES BOLOGNAISES;Marque Repère;1kg;Plats cuisinés
3564706504707;LASAGNES BOLOGNAISES 600G SURG;Marque Repère;600 g;Plats cuisinés
3083681161342;LASAGNES EPINARDS PTI POIS;Cassegrain;300g;Plats cuisinés
3181232534901;LE BON PLAN PUR BOEUF 6X90G;;;Viande
3181232534543;LE PUR BF FACON BOUCHERE 18%MG;Charal;800 g;Viande
8053178940021;LEC CHOCOLAT CRUNCH;LEC;267g;Glaces
8053178940014;LEC SALTY CARAMMMEL;LEC;264g;Glaces
8053178940045;LEC SWIRLY PISTACHI-OH;LEC;0.268g;Glaces
8053178940007;LEC VANILLOVE;LEC;258g;Glaces
3017800512159;LEG CUIS TRIO LEG VERT 300G DAU;D'Aucy;300 g;Légumes
3017800512234;LeG HARICOTS BLANCS D'AUCY.300G;D'Aucy;300 g;
3017800512296;LeG PATATES DCE D'AUCY.300G;D'Aucy;;
3564700005774;LEG RATATOUILLE NOTRE JARDIN;Marque Repère;1 kg;Plats cuisinés
3564706683792;LEGUME POT-AU-FEU SURG NJARDIN;Notre Jardin;1kg;Légumes
3564707098885;LEGUME POTAGE 600G BIO VILLAGE;Bio Village;600 g;Légumes
3083681140859;LEGUME PROVENCALE SURG.400G;Cassegrain;330 g;Légumes
3184034275010;LEGUMES A LA PRINTANIERE;Paysan Breton;750g;Plats cuisinés
3083681105247;LEGUMES ET CEREALES CUISINES 50;Bonduelle;600 g;Plats cuisinés
3564700748695;LEGUMES POTAGE POTIRON CAROTTE;Marque Repère;1 kg;Légumes
3248451060861;LEGUMES POUR POT AU FEU;D'aucy;1kg;Légumes
3564700005767;LEGUMES POUR POTAGE;Marque Repère;1kg;Légumes
3017809486017;LEGUMES POUR SOUPE;D'aucy;1000 g;Légumes
3564707119979;LEGUMES POUR WOK BIO;Bio Village;600g;Légumes
3184034269187;LEGUMES VERT PAYSAN BRETON;Paysan Breton;750g;Légumes
3564706819214;LEGUMINEUSES A LA THAI;;750.750g;
3564706780637;LENTILLES VERTES;;600g;
3248481011543;LES AUTHENTIQUES X40;Bistro Emile;477g;
3184034292758;LES PATATES GOURMANDES;Paysan Breton;750g;Légumes
3564700566725;LES VAPEURS DU JARDIN 2X200 NJ;Marque Repère;400 g;Légumes
3564700566749;LES VAPEURS MEDITER.2X200GNJ;Marque Repère;2 x 200 g;Légumes
3700818912065;LIMANDE DU NORD MSC filet s/p;;;
3700818910702;LOTTE DE CHINE QUEUE;;800g;
5410126007701;LOTUS ORIGI SPECUL MINI BAT;Lotus;276 g;Glaces
8710438053029;MA PUREE NATURE;McCain;750g;Frites
3564700005750;MACEDOINE DE LEG NOTRE JARDIN;Marque Repère;1 kg;Plats cuisinés
8711327608887;MAG AMANDE 6X100ML PROMO.450G;Magnum;450 g;Glaces
8711327539259;MAG AMANDE REMIX 3X85ML;Magnum;198 g;Glaces
8711327613386;MAG BERRY REMIX 3X85ML;;;
8711327621107;MAG CAW 6X100ML.432G;Magnum;432 g;Glaces
8711327532359;MAG CLASSIC 6X100ML PROMO.450G;Magnum;450 g;Glaces
8711327391475;MAG KAKARI 3X90ML;Magnum;222 g;Glaces
8711327609716;MAG MIN BLANC/AMDE 6X55ML;Magnum;257 g;Glaces
8711327607569;MAG WHT 6X100ML PROMO.441G;Magnum;1pcs;
8711327485082;MAGNUM 55ML MINI DBL GOLD;Magnum;282 g;Glaces
8711327608665;MAGNUM AMANDE 4X100ML;MAGNUM;300 g;Glaces
8711327609648;MAGNUM AMANDE 8X100ML PROMO;Magnum;600 g;Glaces
8711327678804;MAGNUM BAT DBL CHERRY 4X85ML;Magnum;4 x 71 g;Glaces
8711327678538;MAGNUM BAT DBL NOISETTE 4X85ML;Magnum;282 g;Glaces
8711327662773;MAGNUM BAT DBL NOISETTE 6X55ML;Magnum;276 g;Glaces
8711327606081;MAGNUM BLANC 4X100ML;Magnum;294 g;Glaces
8711327608504;MAGNUM BLANC 8X100ML;Magnum;588 g;Glaces
8711327608450;MAGNUM BLANC AMANDE 4X100ML;Magnum;300 g;Glaces
8711327608153;MAGNUM BLANC FRAISE 4X100ML;Magnum;324 g;Glaces
8711327640306;MAGNUM BONBON CARA SALE;MAGNUM;168g;Glaces
8711327639942;MAGNUM BONBON GOLD CARAM BILLI;Magnum;168g;Glaces
8711327640450;MAGNUM BONBON WHT & COOKIE;Magnum;168g;Glaces
8711327621176;MAGNUM CAW 8X100ML;Magnum;572 g;Glaces
8711327606234;MAGNUM CLASSIC 4X100ML;Magnum;300 g;Glaces
8711327607163;MAGNUM CLASSIC 8X100ML;Magnum;600 g;Glaces
8711327681248;MAGNUM CONE MANGUE 4X90ML;Magnum;260 g;Légumes
8711327681507;MAGNUM CONE NOISETTE 4X90ML;Magnum;260 g;Légumes
8711327320857;MAGNUM COOKWHIT CHOCOLAT;Magnum;270g;Glaces
8711327582897;MAGNUM DBL STARCHASER 4X85ML;Magnum;288 g;Glaces
8711327582842;MAGNUM DBL SUNLOVER 85ML MP4;Magnum;300 g;Glaces
8711327577619;MAGNUM DELUX CARAMEL 85ML MP4;Magnum;284 g;Glaces
8711327576865;MAGNUM DELUX CHOCO 85ML MP4;Magnum;284 g;Glaces
8711327579644;MAGNUM DELUX RASPBERRY 85ML MP4;Magnum;284 g;Glaces
8711327483729;MAGNUM DOUBLE CARAMEL X4.284G;Magnum;284 g;Glaces
8711327580343;MAGNUM MIN DBL SUNLOV 6X55ML;Magnum;282 g;Glaces
8711327611924;MAGNUM MINI AMANDE 6X55ML;Magnum;46g;Glaces
8711327609082;MAGNUM MINI AMANDE BLANC 6X55ML;Magnum;254 g;Glaces
8711327609464;MAGNUM MINI CAW 10X55ML;Magnum;423 g;Glaces
8711327608207;MAGNUM MINI CLASSIC 6X55ML;Magnum;249 g;Glaces
8711327578517;MAGNUM MINI DLX CARA 6X55ML;Magnum;282 g;Glaces
8711327578340;MAGNUM MINI DLX CHOCO 6X55ML;Magnum;285 g;Glaces
8711327581937;MAGNUM MINI DLX RASP 6X55ML;Magnum;282 g;Glaces
8711327622210;MAGNUM MINI EUPHORIA 6X55ML;Magnum;258 g;Glaces
8717163691496;MAGNUM WHIT & COOKIE 3X90ML;Magnum;222 g;Glaces
3104544075863;MAGRET CANARD SRG 370G DIAM.NOI;Diamant Noir;;Viande
3443705080187;MAGRET CANARD SUD OUEST;;400g;Viande
3564706563391;MANGUE MORCEAUX;Marque Repère;650g;Légumes
3421117607338;MANGUES CUBES;;450g;
3287370000015;MARMITE DU PECHEUR TTORO;Côte Basque;1.5kg;
5000159443753;MARS CARAM.BEURRE SALE X6 270ML;Mars;270 ml;Glaces
5000159473385;MARS CARAMEL BEURRE SALE X12;Mars;"447,6 g";Glaces
5000159473378;MARS CARAMEL XL GLACE - X18 - 8;Mars;;Glaces
5000159541473;MARS GLACEE x12 594ML;Mars;480g;Glaces
5000159541510;MARS GLACEE X18 DONT 4 OFFERTS;Mars;18 x 40 g;Glaces
5000159541459;MARS GLACEE X6;Mars;240g;Glaces
8711327633353;MAX DISNEY ROI LION IH;Miko;152 g;
3450970131476;MAXI BAT. VANILLE AMANDES X6 7;Eco+;6x80g;Glaces
3181232518789;MAXI CHEESE 2 X;Charal;235g;
3083681166729;MAXI CROUSTIS CHEESY.240G;Bonduelle;240 g;Légumes
3083681175011;MAXI CROUSTIS TASTY SPINAC.240G;Bonduelle;240 g;Légumes
3083681166750;MAXI CROUSTIS TEXAS.240G;Bonduelle;240 g;Légumes
8710438130973;MCCAIN AIRFRYER CUBES;;;
8710438128871;MCCAIN AIRFRYER FRITE CLASSIQUE;McCain;600 g;Frites
8710438128840;MCCAIN AIRFRYER NOISETTE;McCain;550g;Frites
8710438107944;MCCAIN COTE BRASSERIE;McCain;650g;Frites
3256830010062;MCCAIN DAUPHINE;MC CAIN;600g;Légumes
8710438117509;MCCAIN FRIT'UP;MC CAIN;90g;Légumes
8710438123937;MCCAIN FRITE ALLUMETTES;MC CAIN;2.660kg;Viande
8710438124996;MCCAIN FRITES COTE BURGER;McCain;650g;Frites
8710438129182;MCCAIN FRITEUSE ALLUMETTES 1.5K;McCain;;
8710438129212;MCCAIN FRITEUSE STEAKHOUS.1.5KG;McCain;;
8710438129120;MCCAIN FRITEUSE TRADITION.1.5KG;McCain;"1,5kg";Légumes
8710438131062;MCCAIN GOLDEN CROQUETTES 830GR;McCain;;
8710438116809;MCCAIN KID SMILE;McCain;850g;Frites
8710438131093;MCCAIN LA DUCHESSE;;1kg;
8710438123272;MCCAIN LA FRITE CLASSIQUE;McCain;750g;Légumes
8710438124941;MCCAIN STREET FRIE CHEDDAR;McCain;300g;Frites
8710438118063;MCCAIN STREET FRIES BACON;McCain;300g;Légumes
8710438118032;MCCAIN STREET FRIES BEEF;Mc Cain;300g;Viande
8710438127676;MCCAIN STREET FRIES ITALIA;McCain;300g;Frites
3083681027181;MEL.3LEG.HARIC/CAROT/POIS;Bonduelle;750g;Légumes
3567890730020;MELANGE DE FRUITS DE MER.560G;Pescanova;560g;Poisson
3421112481353;MELANGE DE LEGUMES GRILLES;;600g;Légumes
3564700433706;MELANGE FOREST.PORT. 450G N.JAR;Marque Repère;450 g;
4008467054112;MELANGE FRUITS DE MER;Costa;360g;Poisson
3760287430507;MELANGE MANGUES ANANAS;Fresh Cueillette;500g;
3760184010048;MHAJEB 360 GR OUMMI;Oummi;360 g;
5900130042701;MILKA BATONNETS BUTTER COOKIE;Milka;;Glaces
3274664276850;MILKA BATONNETS VANIL CHOCO X4;;;
3274664224974;MILKA BATONNETS VANILLE. C.260G;Milka;360ml / 260 g;Glaces
3287370001159;MINI ACCRAS DE MORUE;Bernadet;300g;Poisson
3564706704633;MINI BAT ROCHER CHOCO LAIT X4;Trium;;Glaces
3450970177054;MINI BAT VANILLE CHOCO X12 405;Eco+;;
3661112080648;MINI BOUL BF SURG VBF 15X50G 7;Marque Repère;750 g;Viande
3564700605882;MINI BUCHES ASSORTIMENT 600ML;Eskiss;;Glaces
3564700430736;MINI BUCHES BASE VANILLE.600ML;Marque Repère;;Glaces
3564706645608;MINI BURGERS X10 155G(1063520);;;Entrée
8436575296562;MINI CONE CHOCOLAT EXTREME.312G;Nestlé;312 g;Glaces
3564700357910;MINI CONE X10 VANI/CHOC TROFIC;Marque Repère;"167,5g";Glaces
3282740071244;MINI COQUIL.ST JACQ SURG.100G;Tipiak;;
3564706745537;MINI CROQ MONS TRUFF X12 M.100G;;;
3564700743232;MINI CROQUE MONSIEUR X20;Marque Repère;240g;
3282740070902;MINI CROUSTIL.ST JACQ SURG.120G;Tipiak;;
3282740070704;MINI CROUSTILL. ST JACQUES X10;Tipiak;;
3083681166811;MINI CROUSTIS FRENCHY.240G;Bonduelle;240 g;Légumes
3083681174984;MINI CROUSTIS INDIAN CURRY.240G;Bonduelle;240 g;
3083681166842;MINI CROUSTIS ITALIAN.240G;Bonduelle;240 g;Légumes
3083681166873;MINI CROUSTIS MEXICAN.240G;Bonduelle;240 g;Légumes
3450350083692;MINI ECLAIR SURG TIPIAKX20.140G;Tipiak;;
3248481011451;MINI EMPANADAS BOEUFS CHILI X10;;300 g;
3564700868720;MINI FEUILLETE APER X80;Marque Repère;74.740g;
3564700687000;MINI FEUILLETTES ESCARGOTS SX16;Marque Repère;;Entrée
3564706776562;MINI FLAM'S X12 360G SURG MR;Coté Table;360g;Pizza
3564700631379;MINI GRATIN CHOUX F.COTE TABLE;Marque Repère;480 g;Plats cuisinés
3599741007425;MINI GRATINS AUX CHAMPIGNO.400G;;;Frites
3564706566705;MINI GRATINS CHORIZO SURG.400G;Marque Repère;;Plats cuisinés
3599741005704;MINI GRATINS DAUPHINOIS.400G;Findus;400 g;Frites
3564700839881;MINI GRATINS LEGUME SOLEIL;Marque Repère;400g;Plats cuisinés
3564706810068;MINI GRATINS RACLETT;;400g;
3181232534956;MINI HACHES HAPPY FAMILY 15X40G;Charal;600 g;
3564700811023;MINI MOELLEUX AU CHOCOLAT 8X24;Marque Repère;192 g;
3564706770003;MINI NEMS PORC X8 240G SUR;Marque Repère;;
3564706769991;MINI NEMS POULET X8 240G M;;;Viande
3564700423677;MINI PANIERSX20 280G COTE TABLE;Marque Repère;280 g;
3564706545427;MINI POTS DE GLACE BONBONS X6;Marque Repère;300 g;Glaces
3564700276280;MINI QUICHE LORRAINE X8 800GR;Marque Repère;8 x 100 g;Pizza
3450350071231;MINI QUICHES SURG.95G;Tipiak;;
3564706787049;MINI QUICHES X15 270G SURG MR;;;
3564706737136;MINI ROULES X36 432G MR.430G;Marque Repère;;
3282740599557;MINI SOUFFLES EMMENTALX10;Tipiak;125g;
3564706704749;MINI TRIUM COOKIE CARAMEL;Marque Repère;294g;Glaces
3564706817821;MINI TRIUM VANILLE X6;;234g;
3564706628335;MINI TRIUM VANILLE X8;Marque Repère;287.5g;
3564706564640;MINI VIENNOISERIES X12;Marque Repère;372g;
3564700868683;MINI-FEUILLETE APER X30;Marque Repère;36.360g;
3564700869390;MINI-FEUILLETES APERITIF X40 3;Marque Repère;350 g;
3415581520712;MINICUP FRUIT COLLECTION;Häagen-Dazs;326g;Glaces
3415581517019;MINIPOT SPECULOOS CB&C;Häagen-Dazs;324g;Glaces
3770001676616;MIX NUGGETS CHICKEN FRIES;Manhattan hot dog;540g;Viande
3770010226888;MOCHIS GLACE CI.VERT/YUZU 6X35G;TILIZ;;Glaces
3760339570366;MOCHIS GLACES CARAM BS 6X35G;;6 x 35 g;Glaces
3760339570113;MOCHIS GLACES CHOCOLATS 6X35G;Tiliz;210 g;Glaces
3770010226864;MOCHIS GLACES FRAM/LITCHI 6X35G;TILIZ;210g;Glaces
3770010226857;MOCHIS GLACES MANGUE/PASS 6X35G;Tiliz;210 g;Glaces
3760339570373;MOCHIS GLACES PISTACHE 6X35G;Tiliz;;Glaces
3770010226840;MOCHIS GLACES VANILLE 6X35G;;;Glaces
3564700470060;MOELLEUX CHOCOLAT 450G TROFIC;Marque Repère;450 g;Légumes
3760234500543;MON PT DINER MILLET/POTIRO.300G;Yooji;;
3760234500550;MON PT DINER ORGE/PT POIS.300G;;;
3760114353634;MORUE DESSALEE POINTE SEL;Golfo Nuevo;800g;Poisson
3700818907412;MOULE DECO CUITE 300/500;;;
3564700484593;MOULE DECOQ CUITE 500G P.OCEAN;Marque Repère;500 g;Poisson
3760032006421;MOULES A LA CREME DE NORMANDIE;Pom Bistro;380 g;Poisson
3282740350004;MOULES A LA MARINIERE 450G TIPI;Tipiak;450g;Poisson
3282740350301;MOULES A LA MARINIERE.450G;Tipiak;450g;Poisson
4008467054204;MOULES DU PACIFIQUE ASC;Costa;800g;Poisson
3564700368978;MOULES FARCIES X24 BTE SUR.250G;Marque Repère;250 g;Poisson
3248830723455;MOUSSAKA AU BOEUF MARIE;Marie;600g;Plats cuisinés
3248830723462;MOUSSAKA AU BOEUF MARIE;Marie;850g;Plats cuisinés
3564700008676;MOUSSAKA COTE TABLE;Marque Repère;850g;Plats cuisinés
3564700781784;MOZZARELLA STICKS 250G SURG;Coté Croc;250 g;Entrée
3760287430521;MURES SACHET;Fresh Cueillette;500g;Légumes
3760287430309;MYRTILLES;fresh cueillette;500g;Légumes
3564700755150;MYRTILLES SAUVAGES 650G SURG;Marque Repère;650 g;Légumes
8051369002626;Mystère chocolat coeur Meringue;Nestlé;;Glaces
8051369002558;Mystère coco coeur framboise x4;;;Glaces
8000300388428;MYSTERE CREME BRULEE;Nestlé;308g;
3760184013544;NEMS CREVETTES;Deli's World;240g;
3760184013360;NEMS POULET;Deli's World;240g;Viande
3274664220259;NESTLE FR.ROUGES/MERINGUE.540G;Nestlé;;Glaces
3700818918951;NOIX  COQUILLE ST JACQUES 40/80;;;
3331480016067;NOIX DE COCO GIVREE 4X330G;;;
3331480000301;NOIX DE COCO GIVREES X4 -;Chef Dessert;330g;Glaces
3567890640510;NOIX DE SAINT-JACQUES SANS CORA;;;
3700818917466;NOIX SAINT JACQUES A/C 10/20;;;
3586410423402;NOIX ST JAC A.CORAIL 10/20;Gimbert Océan;250g;Poisson
3760114350909;NOIX ST JACQ A/C 20/40;Golfo Nuevo;250g;
3564706553248;NOIX ST JACQUE S/COR 20/40 MSC;Marque Repère;300 g;Poisson
3564706553286;NOIX ST JACQUES A/CORAIL;;1.300g;
3564706553323;NOIX ST JACQUES A/CORAIL;Marque Repère;2.300g;Poisson
3325096064178;NOIX ST JACQUES AC CORAIL;;250g;
3564709018713;NOIX ST JACQUES BAIE ST B.300G;Leclerc;300 g;
3564709161419;NOIX ST JACQUES DE NORMAND.300G;Leclerc;300 g;Poisson
3450970169899;NOIX ST JACQUES S/CORAIL 1;€co+;300g;Poisson
3760287430125;NOIX ST JACQUES SS COR PAVIL FR;;;Poisson
3563350002089;NOUGAT GLACE 500ML;;250 g;Glaces
3428420024166;NOUGAT GLACE.300G;;;Glaces
3248830770718;NOUILLES A LA CHINOIS SURG.900G;Marie;900 g e;Plats cuisinés
3248830002512;NOUILLES A LA CHINOISE MARIE 30;Marie;;
3564706666603;NOUILLES AU POULET 900G SURG;Tables du Monde;900g;Viande
3512690004079;NUGGETS BBQ;Isla delice;400g;Viande
3564706778795;NUGGETS DE POULET 1KG SURG MR;;1kg;Viande
3701004818673;NUGGETS DE POULET REGHALAL;Reghalal;400g;Viande
3599741006008;NUGGETS FISH AND CHIPS MSC;Findus;490g;Poisson
3512690000200;NUGGETS ISLA DELICE;Isla Délice;400g;Viande
3512690003201;NUGGETS PACK FAMILIAL;Isla Délice;2kg;Viande
3230890028656;NUGGETS PLET M.COQ SACHET;Maître CoQ;1kg;Viande
3564700657102;NUGGETS POULET X20 PIC EXPRESS;Marque Repère;400 g;Viande
5900130036335;NUII BATONNETS PISTACHE D'ANATO;Nestlé;284 g;Glaces
5900130042398;NUII CHOCOLAT NOIR & NOIX DU BR;nuii;276 g;Glaces
5900130040110;NUII MIEL N-ZELAND & AMAND. CAR;NUII;;Glaces
5900130040189;NUII MINI AUSTRALIAN & MIEL N.Z;;;
5900130029504;NUII MINI JAVA & ITALIAN X6;NUII - FRONERI - NESTLE;42 g;Glaces
5900130036298;NUII New York Cookies et C.268G;Nestlé;268 g;Glaces
5900130038674;NUII NOISETTES D'ITALIE /CHOCO;Nestlé;272 g ou 360 ml;Glaces
8000500436967;NUTELLA CREPE T6;Nutella;240 g;
8000500413654;NUTELLA CROISSANT T4;Ferrero;340 g;Légumes
8000500450918;NUTELLA DONUT T4;Nutella;240 g;Légumes
8000500425183;NUTELLA GLACE POT;Nutella;230 g / 470 ml;Glaces
8000500431269;NUTELLA MUFFIN T4;Nutella;;
3325096165455;NX ST JACQUES SVG SS CORAIL;;;
8710438124088;O.BUNS BOLOGNAISE 460 G MCCAIN;McCain;4 x 100 g;Viande
8710438124057;O.BUNS BURGER 460 G MCCAIN;McCain;4 x 100 g;Viande
8710438128215;O.BUNS JAMB 4 FROMAGES 460 G MC;McCain;4 x 115 g;
8710438124026;O.BUNS JAMBON KETCHUP 460 G MCC;McCain;4 x 100 g;Viande
8710438128246;O.BUNS RACLETTE 460 G MCCAIN;McCain;;
3421111501359;OIGNONS EMINCES;;600g;Légumes
3760287430712;OIGNONS EMINCES;;600g;
3564700441404;OIGNONS EMINCES N.JARDIN;Marque Repère;1kg;Légumes
3564700282281;OIGNONS SURGELES COUPES;Marque Repère;100g;
3428420024197;OMELETTE NORVEGIENNE.330G;;;
3184034292857;OMELETTES JAMBON EMMENTAL;Paysan Breton;270g;
3331480000080;ORANGES GIVREES X4 -  270GR;Chef Dessert;270 g;Glaces
8710438114607;ORIGINAL POTATOS MCAIN;McCain;780g;Légumes
3479384295321;"P. COLETTE, PAYSAN BRETON, SURG";Paysan Breton;750 g;
3479384295451;P. GUSTAVE PAYSAN BRETON SURG;Paysan Breton;1 kg;Légumes
3564700018453;PAELLA 1KG COTE TABLE;Marque Repère;1 kg;Plats cuisinés
4008467054433;PAELLA DE LA MER;COSTA;600g;Plats cuisinés
3450970060813;PAELLA POULET FRUITS MER 1KG V;Eco+;1 KG;Plats cuisinés
3248830724971;PAELLA ROYALE MARIE;Marie;900g;Plats cuisinés
8008698018446;PAIN AU CHOCOLAT;Schär;260g;
3564706602335;PAIN SURPRISE POLAIRE X32.360G;Marque Repère;360 g;
3564706602373;PAIN SURPRISE TERRE & MER.460G;Marque Repère;;
3564706564602;PAINS AU CHOCOLAT X6;Marque Repère;450g;Légumes
3450971467048;PAINS CHOC X20 1.2KG SURG.1.2KG;Eco;;Légumes
3083681141061;PALETS COURGETTES AUERBINE;Bonduelle;380g;Légumes
3760234501601;PANCAKES BIO 8A36M BANANE.120G;;120g;
3760234501588;PANCAKES BIO CAROTTE/MAIS.120G;;;Légumes
3760234501595;PANCAKES BIO P.POIS/EPINARD;Yooji;120g;Légumes
3564700853733;PANCAKES SURGELES X6;Marque Repère;200g;
3564700410455;PANE C0LIN ALASKA X20 P.OCEAN;Marque Repère;1 kg;Poisson
3564700000465;PANE CABILLAUD X8 P. OCEAN;Marque Repère;400 g;Poisson
3564700000458;PANE COLIN ALASAKA X8 P.OCEAN;Marque Repère;400 g;Poisson
3564700000489;PANE FILET COLIN X15 P. OCEAN;Marque Repère;450 g;Poisson
3599740007266;PANES CABILLAUD X10 510G FINDUS;Findus;510 g (10 panés);Poisson
3599740007501;PANES DE CABILLAUD X20;Findus;1.02kg;Poisson
3599740007273;PANES DE COLIN X10 510G FINDUS;Findus;400 g;Poisson
3599740007297;PANES DE COLIN X20 1020G FINDUS;Fondus;1020g;Poisson
3599740007280;PANES MERLU BLC X10 510G FINDUS;Findus;510g;Poisson
4008467054471;PAPPARDELLE AUX MOULES.600G;Costa;600 g;Poisson
3428420063714;PARIS IS BEAUTIFUL.240G;;;
3564706639348;PARMENTIER DE CANARD 600G SURG;Marque Repère;;Plats cuisinés
3083681140941;PARMENTIER PATATE DOUCE;Cassegrain;300g;Plats cuisinés
3083681183665;PASTA POELEE GNOC.EPIN.RIC;Bonduelle;750g;Légumes
3083681183634;PASTA POELEE PENNE/LEGUM.S;Bonduelle;750g;Légumes
3564707167307;PATATE DOUCE EN MORCEAUX BIO 6;Bio Village;600g;Légumes
3184034269316;PATATE DOUCE P.BRETON;Paysan Breton;750g;Légumes
3564700433423;PATATO'RIGOLO POM.D.TERRE;Marque Repère;750g;Légumes
3564706666719;PATES SAUMON EPINARD;Marque Repère;900g;Poisson
3262270000532;PAVE AUTRUCHE X2;DAM Damien de Jong;250g;Viande
3262272126049;PAVE DE KANGOUROU 2X125G;Dam;"0,250 kg";Viande
3262270001676;PAVE SANGLIER SAUCE MORILLE X2;DAM;;Viande
3450970176033;PAVE SAUMON PACIFIQ X2 250G MS;Eco+;250 g;Poisson
3586410323177;PAVE SAUMON ROSE GIMBERT.250G;Gimbert océan;250 g;Poisson
3564700407646;PAVE SAUMONX2  250G PECHE OCEAN;Marque Repère;250 g;Poisson
3262270001669;PAVES CERF POIVRE CREME 2X125G;;;
3564707113335;PAVES DE SAUMON BIO;Bio Village;200g;Poisson
3586410321807;PAVES DE SAUMON ROSE.2x250G;Gimbert Océan;500 g;Poisson
3586410323283;PAVES SAUMON SAUVAGE.400G;Gimbert Océan;400 g;Poisson
3184034266797;PDT BEURRE SEL GUERANDE;Paysan Breton;750g;Frites
3760032004847;PDT SARLADAISE AUX CEPES;Pom Bistro;500g;Frites
3564709999821;PDT SO ECHIRLETE SURG;Leclerc;600g;Légumes
4008467054402;PENNE AU SAUMON;Costa;600g;Poisson
3248830720225;PENNE AU SAUMON HISSEO;Marie;900g;Poisson
3564706593909;PERSIL / AIL SURGELES;Rustica;75g;
3564700704936;PERSIL AIL SURGELE;Marque Repère;250g;
3564700282236;PERSIL COUPE SURGELE;Marque Repère;50g;Légumes
3564700691465;PERSIL SURGELE;Rustica;250g;
8410063094496;PESCADINOS;Pescanova;800g;
3564700005705;PETIT POIS EXTRA FINS KG;Marque Repère;1 kg;Légumes
3450971456707;PETIT POIS SURGELES;ECO PLUS;1kg;Légumes
3564706554108;PETIT POIS TF SURG 1KG NJARDIN;Marque Repère;1 kg;Légumes
3180730800037;PETIT POULPE NETTOYE 10/20;;1kg;
3282740380407;PETITES GAMBAS A LA BRETONNE 31;Tipiak;310 g;Poisson
3700818904565;PETITES SEICHE ENTIERES;;800g;Poisson
3760197635702;PETITS FOURS BLINI SURG.415G;Blini;415 g (36 pièces);
3282740381008;PETITS GRATINS FDM BRET 125GX2;;;
3083681097627;PETITS POIS BIO;Bonduelle;500g;Légumes
3564700005699;PETITS POIS EX-F NOTRE JARDIN;Marque Repère;1 kg;Légumes
3083681032345;PETITS POIS EXTRA FONDANT;Bonduelle;750g;Légumes
3564707086943;PETITS POIS T.FIN 600G BIO VILL;Bio Village;600 g;Légumes
3830083671166;PEZ CITRON X4.188G;PEZ;1pcs;Glaces
8445290581389;PICCOLINIS LARDONS & CREME (9X3;Buitoni;9 x 30 g;Pizza
8710438121575;PICKERS CHEESY ITALIAN POP;McCain;230g;
8710438125573;PICKERS CHILI CHEESE NUGGE.230G;PICKERS by McCain;230 g;
8710438121636;PICKERS CRISPY ONION RINGS;McCain;350g;Légumes
8710438130034;PICKERS MCCAIN CAMEMBERT POPS;McCain;230 g;Légumes
8710438126440;PICKERS MCCAIN MINI EMMENTAL ST;McCain;230 g;
8710438129564;PICKERS MCCAIN SMOKY CHEESE DON;McCain;;
8710438121605;PICKERS MINI MOZZA STICKS;MC CAIN;230g;Légumes
8710438121544;PICKERS NACHOS CHEES TRIAN;McCain;230g;
3760287430705;PINCE TOURTEAUX CUITES;;450g;
8436575298016;PIRULO FRUIT JOY X5;Nestlé;325 g;Glaces
5900130040349;PIRULO FRUITY MIX X7;Pirulo;408g;Glaces
5010238018123;PIRULO FUZZ X6;Nestlé;348g;Glaces
8606018618521;PIRULO MANGO X5;Nestlé;;Glaces
8436575290836;PIRULO MINI TROPICAL X6;Nestlé;300g;Glaces
5010238022786;PIRULO TROPICAL X4;Nestlé;1pcs;Glaces
8606018611560;PIRULO WATERMELON X5;Nestlé;5 Stück;Glaces
8606018617098;PIRULO WATERMELON X5;Nestlé;1pcs;Glaces
8015673030546;PIZZA 26X38 GRILLFEST;;535g;Pizza
8015673027362;PIZZA 26X38 PROSCIUTTO E F.560G;Italpizza;560g;Pizza
3564700782590;PIZZA 3 FROM FOURRE FROM;Marque Repère;450g;Pizza
3564700691182;PIZZA 3 FROMAGES 3X350G;Marque Repère;3 x 350 g;Pizza
3564707093484;PIZZA 3 FROMAGES BIO VILLAGE;Bio Village;380 g;Pizza
3564700405703;PIZZA 3FROM FEU BOIS 420G VOLP;Marque Repère;420 g;Pizza
8008698024874;PIZZA 4 FROMAGES;Schär;415g;Pizza
3273640002216;PIZZA 4 FROMAGES ITALIE;Sole Mio;410g;Pizza
4001724038870;PIZZA 4 FROMAGES RISTORANT;Dr. Oetker;340g;Pizza
3564700497814;PIZZA 4 FROMAGES SURGELEE;Marque Repère;400g;Pizza
8015673027348;PIZZA 5 FORMAGGI 26X38;Italpizza;520.520g;Pizza
3450971453522;PIZZA 6 FROM CSP SURG X2 ECO+;€co+;680 g;Pizza
3273640000717;PIZZA 6 LEGUME GRILL PROVE;Sole Mio;400g;Pizza
3564700856895;PIZZA A PARTAGER 3 FROM;Marque Repère;500g;Pizza
4002084344922;PIZZA BOLO DI MOZZA 470G - SURG;La Pizza Delamama;470 g;Pizza
3564700365458;PIZZA BOLOGNAISE 400GR VOLPONE;Turini;400 g;Viande
3248830117797;PIZZA BOLOGNAISE MARIE 3X400G;Marie;1200 g;Pizza
4001724039419;PIZZA BOLOGONAISE RISTORAN;Dr. Oetker;375g;Pizza
8015673033547;PIZZA BOMBA 7 FORMAGGI;Italpizza;450.450g;Pizza
8015673033585;PIZZA BOMBA DOUBLE SALAMIN.465G;Italpizza;;Pizza
8015673032595;PIZZA BOMBA MARGHERITA;Italpizza;440.440g;Pizza
3564700731598;PIZZA CAMPAGNARDE 400G SURG;Marque Repère;400 g;Pizza
3564706713055;PIZZA CHEVR MIEL FDB SURG MR;Turini;;Pizza
3273640002247;PIZZA CHEVRE MIEL;Sole Mio;410g;Pizza
3273640000274;PIZZA CHORIZO;Sole Mio;460g;Pizza
3564700495483;PIZZA CHORIZO 400G VOLPONE;Marque Repère;400 g;Pizza
3248830721628;PIZZA CM EXT.TARTIFLETTE;Marie;550g;Pizza
3248830001621;PIZZA CMP 4 FROMAGES MARIE;MARIE;500g;Légumes
3248830002833;PIZZA CMP CHORIZO MARIE;Marie;500g;Pizza
3248830002239;PIZZA CMP POULET BBQ MARIE;Marie;500g;Pizza
3248830001638;PIZZA CMP ROYALE MARIE;Marie;500g;Pizza
3248830000280;PIZZA CMX 4 FROMAGES MAR.1.53KG;Marie;3 x 510 g;Pizza
3248830000228;PIZZA CMX AMERICAINE MARIE;Marie;3 x 530 g;Pizza
3248830000242;PIZZA CMX TARTIFLETTE MARIE;Marie;3 x 550 g;Pizza
4001724032137;PIZZA DR. OETKER PICCOLI 3 FROM;By Dr Oetker;;Pizza
4001724048831;PIZZA DR. OETKER PICCOLI 3 FROM;Dr. Oetker;288g;Pizza
3564706713062;PIZZA ED.LIMIT MONT/LEG FDB MR;Marque Repère;450 g;Pizza
3248830719649;PIZZA EXTREME 4 FROMAGES;Marie;510g;Pizza
3248830724254;PIZZA EXTREME L'AMERICAINE;Marie;530g;Pizza
3248830719656;PIZZA EXTREME PLET KEBAB;Marie;530g;Pizza
3564700433546;PIZZA FAMILIAL.4FROMAG.SUR.570G;Marque Repère;570g;Pizza
3564700608883;PIZZA FAMILIALE REGINA SURG570G;Marque Repère;570 g;Pizza
3564700405741;PIZZA FDB FROM.CHEVRE 420 GR;Marque Repère;420 g;Pizza
3564707128605;PIZZA FDB MARGHARITA BIO;Bio Village;350g;Pizza
3248830002581;PIZZA FEU BOIS 4 FROM MARIE 390;Marie;;Pizza
3564707126328;PIZZA FEU BOIS CHEVRE BIO;Bio Village;360g;Pizza
3248830002598;PIZZA FEU BOIS CHORIZO MARIE 40;Marie;;Pizza
3248830002604;PIZZA FEU BOIS ROYALE MARIE 400;Marie;400 g;Pizza
3248830002611;PIZZA FEU BOIS TOMATE MZ MARIE;Marie;400 g;Pizza
3564700007709;PIZZA FRUIT DE MER;Marque Repère;400g;Poisson
3564700497852;PIZZA JAMB/FRO CUITE SUR PIERR;Marque Repère;1050 g;Pizza
3564700465677;PIZZA JAMBON/FROMAGEVOLPONE;Marque Repère;400 g;Pizza
4002084345042;PIZZA JAMBONITO;La Pizza Delamama;465g;Pizza
4002084346223;PIZZA LA MONTAGNARDO;Pizzaiolo;435g;Pizza
8008698026090;PIZZA MARGHERITA;Schär;300g;Pizza
3450970145787;PIZZA MARGHERITA X3;E.Leclerc;900g;Pizza
3248830002246;PIZZA MARIE CM EXTREME CHEVRE 5;;;Pizza
3248830002550;PIZZA MARIE CM EXTREME THON 510;Marie;;Pizza
3248830802532;PIZZA MARIE CM MARGHERITA3X400G;Marie;1200 g (3 x 400 g);Pizza
3564700689912;PIZZA MERVEILLOSA 4 FROMAGES 3;Marque Repère;340 g;Pizza
8015673032465;PIZZA MINI BACON.290G;Italpizza;;Pizza
8015673032458;PIZZA MINI PROSCIUTTO.290G;ItalPizza;;Pizza
3564706819139;PIZZA MOEL ORIENT 525G SURG MR;;;Pizza
3564706685307;PIZZA MOELL 3 VIANDES SURG MR;Turini;590g;Pizza
3564706685345;PIZZA MOELL VEGETALE SURG MR;Turini;610 g;Pizza
3564700519752;PIZZA MOELLEUSE 3FROM.600G VOLP;Marque Repère;600 g;Pizza
3564706591400;PIZZA MOELLEUSE BURGER 625G SU;Turini;625 g;Viande
3564700519790;PIZZA MOELLEUSE ROYALE 600G VOL;Marque Repère;600 g;Pizza
3564706756397;PIZZA MONTAGNARDE FDB 450G SUR;Turini;450g;Pizza
4001724039112;PIZZA MOZZARELLA RISTORANT;Dr. Oetker Ristorante;355g;Pizza
3564700594957;PIZZA MOZZARELLA VOLPONE;Marque Repère;335 g;Pizza
8015673029861;PIZZA N UNO MARGHERITA.410G;Italpizza;435g;Pizza
8015673029922;PIZZA N UNO PROSCIUTTO.440G;ITALPIZZA;440 g;Viande
8015673029960;PIZZA N UNO TONNO E CIPPOL.435G;Italpizza;435 g;Pizza
8015673029946;PIZZA NUMERO UNO 5FORMAGGI.410G;Italpizza;410 g;Pizza
8015673033431;PIZZA NUMERO UNO GRILLFEST;Italpizza;425g;Pizza
8015673029885;PIZZA NUMERO UNO SALAMINO.410G;Italpizza;410 g;Pizza
3564700519714;PIZZA POULET 400G VOLPONE;Marque Repère;400 g;Viande
8008698026151;PIZZA PROSCIUTTO;Schär;335g;Viande
3273640002261;PIZZA REBLOCHON MORBIER;Sole Mio;450g;Pizza
4001724046431;PIZZA RISTO GRANDIS ROYALE;Dr. Oetker;580g;Pizza
4001724046462;PIZZA RISTOR GRANDISS 4.F;Dr. Oetker;560g;Pizza
4001724039563;PIZZA RISTORANTE MARGHERITA;Dr. Oetker;295 g;Pizza
3564700007679;PIZZA ROY.FDBOIS CANOUBIER;Marque Repère;440g;Pizza
4001724036616;PIZZA ROYAL RISTORANTE;docteur Oetker;350g;Pizza
3564700045176;PIZZA ROYALE VOLPONE   400 GR;Marque Repère;400 g;Pizza
8015673027355;PIZZA SALAMINO E PROVOLONE.525G;Italpizza;;Pizza
3564700731635;PIZZA SAUMON FEU DE BOIS;Marque Repère;420g;Poisson
3564700225660;PIZZA SAUMON/CREVETTE;Marque Repère;400g;Poisson
4001724039051;PIZZA SPECIALE RISTORANTE;Dr. Oetker;345g;Pizza
4001724050681;PIZZA SUPREMA 5 FROMAGES;Dr.Oetker;;Pizza
4001724050650;PIZZA SUPREMA SALAMI;Dr. Oetker;425 g;Pizza
3273640000236;PIZZA TARTIFLETTE;Sole mio;490g;Pizza
3564700595039;PIZZA THON 355G VOLPONE;Marque Repère;355 g;Poisson
4001724038993;PIZZA THON RISTORANTE;Dr. Oetker;355g;Pizza
4001724039143;PIZZA VEGETARIAN RISTORANT;Dr. Oetker;385g;Pizza
3760197635641;PLAISIR AU CITRON SURG.410G;Lenôtre;410 g;
3760197630165;PLAISIR/CHOCO LABEYRIE/LEN;Labeyrie;405g;Légumes
3251516146004;"PLAT PENNE,BOEUF,EMMENTAL";EntreMont;300g;Viande
3083681174618;POEL.LEG/CER/COURG/T.CERISE;Bonduelle;600 g;Légumes
3564700494998;POELE LANDAISE 900G SURG.C.TAB;Marque Repère;900 g;
3564706506855;POELE TAGLIATELLE F.MER;Marque Repère;900g;Poisson
3248451080562;POELEE ASIATIQUE ZIP;D'aucy;1kg;Plats cuisinés
3564700157923;POELEE BRETONNE NOTRE JARDIN 1K;Notre Jardin;1 kg;Plats cuisinés
3184036774726;POELEE BRETONNE SURG PB.1KG;Paysan Breton;1 kg;Plats cuisinés
3564700259009;POELEE CAMPAGNARDE COT.TABL900G;Marque Repère;900 g;Plats cuisinés
3184034250888;POELEE CELTIQUE;Paysan Breton;1kg;Plats cuisinés
3434410071027;POELEE CEPES BEURRE PERS;Magda;300g;Plats cuisinés
3450971466942;POELEE CHAMPETRE;Eco+;1kg;Légumes
3083681117042;POELEE CHAMPETRE BONDUELLE;Bonduelle;950g;Plats cuisinés
3184034253391;POELEE COTE SUD;Paysan Breton;750g;Plats cuisinés
3564707119986;POELEE CUISINEE DE LEGUMES BIO;Bio Village;600 g;Légumes
3760032002713;POELEE DE 1/2 GRENAILLE PIMENT;Pom Bistro;450 g;Frites
3450971466980;POELEE DE LEGUMES;;1kg;Légumes
3564700005538;POELEE DES CHAMPS NOTRE JARDIN;Marque Repère;1 kg;Plats cuisinés
3564700708187;POELEE FERMIERE;Marque Repère;750g;Plats cuisinés
3564700605370;POELEE FORESTIERE 400G N.JARDIN;Marque Repère;400 g;Plats cuisinés
3564700477281;POELEE FRANC COMTOISE PORT.900G;Marque Repère;900 g;Plats cuisinés
3564700433669;POELEE LEG GRILLE NOTRE JARDIN;Notre Jardin;750 g;Plats cuisinés
3564706691919;POELEE LEGUME EPAUTRE NJARDIN;Notre Jardin;750 g ℮;Légumes
3564700882177;POELEE LEGUME WOK CUISINE ASIE;Marque Repère;1 kg;Plats cuisinés
3564700882160;POELEE LEGUME WOK CUISINEE INDE;Marque Repère;1 kg;Plats cuisinés
3564706691926;POELEE LEGUMES QUINOA NJARDIN;Notre Jardin;750 g;Légumes
3083681117158;POELEE MARCHE BONDUEL SURG.750G;Bonduelle;750 g;Plats cuisinés
3083681117011;POELEE MEDITERR.BONDUELLE;Bonduelle;750g;Plats cuisinés
3564700708170;POELEE MEDITERRANEENNE;Marque Repère;750g;Plats cuisinés
3564700005828;POELEE MERIDIONAL NOTRE JARDIN;Marque Repère;1 kg;Plats cuisinés
3564706690905;POELEE MEXICAINE SURG N.JARDIN;Nôtre jardin;1 kg;Légumes
3564700708163;POELEE PARISIENNE;Marque Repère;750g;Plats cuisinés
3083681116908;POELEE PARISIENNE BONDUELLE750G;Bonduelle;750 g;Plats cuisinés
3248451089473;POELEE PARISIENNE D'AUCY;D'aucy;700g;Plats cuisinés
3564700846490;POELEE PATES POULET CHAMPI;Marque Repère;900g;Plats cuisinés
3083681116939;POELEE PAYSANNE BONDUELLE;Bonduelle;750g;Plats cuisinés
3564700259047;POELEE PAYSANNE COTE TABLE;Marque Repère;900 g;Plats cuisinés
3248451089466;POELEE PAYSANNE D'AUCY;D'aucy;700g;Plats cuisinés
3248833088681;POELEE PAYSANNE SURG MARIE;Marie;900g;Plats cuisinés
3760032001891;POELEE PDT GRENAILLE H.OLI.450G;Pom bistro;450 g;Frites
3564709189130;POELEE PDT LEGUMES CHANTERELLE;;;Légumes
3184034256774;POELEE POUR POISS.P.BRETON;Paysan Breton;1kg;Légumes
3083681116977;POELEE RUSTIQUE BONDUELLE;Bonduelle;750g;Plats cuisinés
3564706558229;POELEE SAVOYARDE;Marque Repère;900g;Plats cuisinés
3248833083860;POELEE SAVOYARDE MARIE;Marie;900g;Plats cuisinés
3564700495162;POELEE ST.JACQ CREVETTES;Marque Repère;600g;Plats cuisinés
3184032846342;POELEE SURG MAR. P.BRETON.1KG;Paysan Breton;1 kg;Plats cuisinés
3184034257689;POELLEE 5 LEG P.BRETON;Paysan Breton;1kg;
3564700631416;POIREAU CREME NOTRE JARDIN;Marque Repère;750 g;
3564707167291;POIREAUX EMINCES BIO;Bio Village;600g;
3564700441442;POIREAUX EN RONDELLES;Marque Repère;1kg;Légumes
3564706780675;POIS CHICHE;Notre Jardin;600g;Légumes
3564700789520;POIS DOUX GARDEN PEAS;Marque Repère;600g;Légumes
3421110820475;POIS GOURMANDS;;1kg;Légumes
3248839628003;POIS. SAUCE BEURRE CITRON;Marie;400g;Poisson
3760234505166;POISSON MSC YOOJ 6MS COLIN;Yooji;120g;Poisson
3564700068151;POISSON OSEILLE COTE TABLE;Marque Repère;400g;Poisson
3450970027724;POISSONS PANES X15 ECO+;Eco+;450 g (15 x 30 g);Poisson
3421112806330;POIVRONS BICOLORES LANIERE;;;
3564700768907;POM' CURV AU FOUR;Marque Repère;600g;Légumes
3564700433508;POM'ROSTY POM LISSE;Marque Repère;600g;Légumes
3564700030288;POM'RUSTIC POM'LISSE CUBES;Marque Repère;750g;Frites
3564700016244;POM'STEACK POM'LISS RUSTIQ;Marque Repère;1kg;Frites
3564709047393;POMME D.TERRE SARLADAISE;Nos Régions ont du Talent;600g;Frites
3564709200019;POMME DE TERRE PIMENT ESPELET;Nos Régions ont du Talent;500g;Légumes
3599741006114;POMME DUCHESSE A LA TRUFFE.420G;Findus;420 g;Légumes
3564707143943;POMME FRITE 9X9 FOUR BIO;Bio Village;600g;Légumes
8710438081275;POMME ROSTY'S MC CAIN;McCain;800g;Légumes
3564700409619;POMMES ALLUMETTES AU FOUR;Marque Repère;600g;Frites
3599740007792;POMMES COUPEES ANCIENNE;Findus;750g;Légumes
3599741001904;POMMES CROUSTINE FINDUS X6;Findus;420g;Frites
3599741005728;POMMES DAUPHINE;Findus;540g;Légumes
3564700006344;POMMES DAUPHINE 500G POMLISSE;Marque Repère;500 g;Légumes
3599741007432;POMMES DAUPHINE A LA TRUFF.500G;Findus;;
3599740009925;POMMES DAUPHINE FINDUS;Findus;200g;Légumes
3599740009024;POMMES DAUPHINE SAV.ANC.;Findus;450g;Frites
3564700670439;POMMES DE TERRE GRENAILLE;Marque Repère;450g;Frites
3599741005735;POMMES DUCHESSE;Findus;720g;Légumes
3564700509975;POMMES DUCHESSE 750G POM'LISSE;Marque Repère;750 g;Légumes
3599741005742;POMMES ETOILE;Findus;720g;
3564700013403;POMMES FRITES AU FOUR   600 GR;Marque Repère;600 g;Légumes
3450970109444;POMMES FRITES SURGELE 1KG ECO+;Eco+;1kg;Légumes
3599740008164;POMMES GRENAILLES;Findus;450g;Frites
3564707143967;POMMES GRENAILLES BIO;Bio Village;450g;Légumes
3599741006374;POMMES NOISETTES;Findus;500g;Légumes
3599741006428;POMMES NOISETTES;Findus;900g;Légumes
3564700006252;POMMES NOISETTES POM'LISSE;Marque Repère;1kg;Frites
3599740008652;POMMES RECET.PERIGORD CEPES600G;Findus;600 g;Frites
3599740003077;POMMES RISOLEES HERBES;Findus;750g;Poisson
3599741006459;POMMES RISSOLEES;Findus;1.08kg;Légumes
3599741007241;POMMES RISSOLEES;Findus;590g;Légumes
3564700275399;POMMES RISSOLEES 450G POM'LISSE;Marque Repère;450 g;Légumes
3450970002639;POMMES RISSOLEES ECO +;Eco+;1kg;Poisson
3564700006269;POMMES RISSOLEES POM'LISS;Marque Repère;1kg;Frites
3760015740151;POT ABRICOT ROYAL ROUSSIL.;la belle aude;378g;Glaces
3415581113716;POT BELGIAN CHOCOLATE;EDEKA Häagen-Dazs;400g;Glaces
3760015740014;POT CARAMEL FLEUR DE SEL;La Belle Aude;356g;Glaces
3760015740021;POT CHOCOLAT;La Belle Aude;356g;Glaces
3415581103717;POT COFFEE 460ML;Häagen-Dazs;460mL (400g);Glaces
3415581152715;Pot Cookies and cream;Häagen-Dazs;386g;Glaces
3564706701403;POT GLACE CARAMEL SALE;Marque Repère;430g;Glaces
3564706701441;POT GLACE CHOCO BROWNIE;Marque Repère;415g;Glaces
3564706705494;POT GLACE COOKIE DOUGH;Trium;416g;Glaces
3760015740168;POT GLACE RHUM RAISIN;La Belle Aude;371g;Glaces
3564706708228;POT GLACE VAN MACADAMIA;Marque Repère;430g;Glaces
3415581105711;POT STRAWBERRY AND CREAM;Häagen-Dazs;400 g;Glaces
3564700030264;POTATOES 600G POMLISSE;Marque Repère;600 g;Légumes
3184034267305;POTIRON BRETAGNE P.BRETON;Paysan Breton;750g;Légumes
3564700021200;POTS VAN/FR-VAN/CHOC X12 720ML;Marque Repère;345 ml;Glaces
3564700762790;POULET BASQUAISE 900G SURG;Marque Repère;900 g;Plats cuisinés
3248833083846;POULET BASQUAISE MARIE;Marie;900g;Plats cuisinés
3760234509003;POULET BIO 6MOIS;Yooji;120g;Viande
3248830001980;POULET CURRY COCO MARIE;Marie;300g;Plats cuisinés
3564706771512;POULET CURRY COCO SURG 300G MR;;;Plats cuisinés
3564700018491;POULET FORESTIERE COTE TAB;Marque Repère;900g;Plats cuisinés
5600343129359;POULET GRILLÉ PORTUGAISE PIQUAN;Frangus;;Viande
3248833086700;POULET ROTI PDT FONDANTES;Marie;900g;Plats cuisinés
3564700005491;PRINTANIERE LEG NOTRE JARDIN;Marque Repère;1 kg;Légumes
3564700494059;PROFITEROLES CHOC/VANILLE;Marque Repère;280g;Glaces
3760239140997;PROFITEROLES.500G;Saporit;500 g;
3083681116007;PT POIS SANS RESIDU PESTIC.750G;Bonduelle;750 g;Légumes
3564706799455;PTITS CROQS EPINARDS MOZZA 280;Marque Repère;280 g;Légumes
3564706799530;PTITS CROQS PETITS LEGUMES 280;Notre Jardin;280g;Légumes
3760197635689;PTS FEUILLETES BLINI SURG.485G;Blini;485 g;
3760234502301;PUR.MRCX BIO DOUCEUR AUTOMNE 9M;Yooji;480 g;Légumes
3564706715905;PURE CELERI BROCO COURG POI MR;Notre Jardin;750g;Légumes
3564707152259;PUREE 4 LEGUMES CUISINEE BIO 4;Bio Village;450g;Plats cuisinés
3564700458433;PUREE 4 LEGUMES NOTRE JARDIN;Marque Repère;750 g;Plats cuisinés
3083681066838;PUREE 4 SAVEURS BONDUELLE;Bonduelle;780g;Plats cuisinés
3760234501298;PUREE BIO SURG PATA.DCE 4M.400G;Yooji;;
3760234501281;PUREE BIO SURG POTIRON 4M.400G;Yooji;;
3760234501274;PUREE BIO SURG PT POIS 4M.400G;Yooji;;
3564707120005;PUREE DE BROCOLIS BIO;Bio Village;450g;Légumes
3564700566756;PUREE DE BROCOLIS NATURE;Marque Repère;750g;Légumes
3564707119993;PUREE DE CAROTTE BIO;Bio Village;450g;Plats cuisinés
3564700566763;PUREE DE CAROTTES NATURE;Marque Repère;750g;Plats cuisinés
3564700708200;PUREE DE CAROTTES POTIRONS 750;Marque Repère;750 g;Plats cuisinés
3564700566770;PUREE DE CELERIS NATURE;Marque Repère;750g;Plats cuisinés
3564700574362;PUREE DE PDT 750G POMLISSE;Marque Repère;750 g;Frites
3760234501106;PUREE MRCX BIO RATATOUILLE 9M;Yooji;480 g;Légumes
3567891131567;Q.CREVETTE CUITE PESCANOVA.300G;Pescanova;300 g;Poisson
3567891131550;Q.CREVETTES PESCANOVA.300G;Pescanova;;Poisson
3261082347316;QUEUE CREV.CRUE DEC.EQUAT.;Escal;300g;Poisson
3261083319312;QUEUE CREV.DECO ASC CUITE;escal;300g;Poisson
3564700484524;QUEUES CREVET DECOR PRECU..300G;Marque Repère;300 g;Poisson
3261083317318;QUEUES CREVETTES;Escal;330g;Poisson
3261080334257;QUEUES CREVETTES DECORT;Escal;250g;Poisson
3760010620373;QUEUES DE LANGOUSTINES CRUES;;;
3564706590717;QUEUES LANGOUSTE CRUE 340G SGL;Marque Repère;;Poisson
3760287430644;QUEUS DE LOTTE DU CAP;;;
3564700006368;QUICHE LORRAINE   400 GR;Marque Repère;400 g;Pizza
3248830001331;QUICHE LORRAINE PB MARIE 2X170G;Marie;2 x 170 g;Pizza
3248830000662;QUICHE LORRAINE SURG MARIE.400G;Marie;400 g;Pizza
3564700528518;QUICHES X2 300G COTETABLE;Marque Repère;300 g;Pizza
8000500363492;RAFFAELLO BATONNET 188 GRS;Confetteria;188g;Glaces
8000500406298;RAFFAELLO BATONNET GLACE;Ferrero;138 g;Glaces
5391528182169;RAINBOW FRIES;;500g;Légumes
3564700458396;RATATOUILLE 750G NOTRE JARDIN;Marque Repère;750 g;Plats cuisinés
3760197637683;RAVIOLIS FARCIS CREVETTE.400G;Ajinomoto;400 g;Poisson
3760197637676;RAVIOLIS FARCIS PLET/LEG.400G;AJINOMOTO;400 g;Viande
3760187768045;RIS DE VEAU BOITE;;500g;Viande
4008467054419;RISOTTO AUX FRUITS DE MER.600G;Costa;600 g;Poisson
3248830720188;RISOTTO CHAMP ET POULET;Marie;900g;Plats cuisinés
3184034289536;RISOTTO CHOUX FLEURS CREME;Paysan Breton;750g;
3564706771536;RISOTTO POULET CHAMP SURG;;900g;Plats cuisinés
3248830001997;RISOTTO POULET CHAMPI MARIE 300;Marie;300 g;Plats cuisinés
3760032003888;RISSOLEES A LA GRAISSE CAN.500G;Pom Bistro;500g;Frites
3760032002966;RISSOLEES AUTHENTIQUES;Pom Bistro;500g;Frites
3564700571590;RIZ A LA CANTONAISE SAC;Marque Repère;900g;Plats cuisinés
3248833087967;RIZ CANTONAIS;Marie;900g;Plats cuisinés
3331480015558;ROCHER COCO CHOCOLATS X4;;;
3331480015565;ROCHER COCO EXOTIQUE X4;;300 g;
3331480015572;ROCHER CREME BRULEE X4;;300 g;
3262270001683;ROTI CUISSOT CERF SCE MORIL.1KG;;;
3230890003417;ROTI DINDE MORILLES;Maître CoQ;700g;Viande
3230890011764;SAC 1K4 CUIS PLT A/DOS IQF MC;Maître CoQ;6-8;Viande
3230890011795;SAC 600G ESCA PLT TENDRE IQF M;Maître CoQ;600g;Viande
3333031006770;SAC ISOTHERME 29L;;;
3267060025719;SACHET 25 PAINS CHOCO;Gourmet d'Alsace;"1,25 kg";Légumes
3267060025610;SACHET 30 CROISSANTS;gourmet d' Alsace;1500g;
3760184013889;SAMOSSA AU POULET CURRY;Deli's World;200g;Viande
3181232534734;SANDWICH AMERICAIN FRITES;Charal;310 g;Viande
3181232534550;SANDWICH BEEF AND CHEESE;Charal;;
8421542602903;SANDWICH HONEYCOMB 3X100G;La Menorquina;;
3760051587406;SANDWICHS KEBAB MED 2X230 GRS;;;
3700818903919;SARDINE;;1kg;
3165440240618;SAUCE BEURRE BLANC   300 GR;Tipiak;300 g;Poisson
3165440240663;SAUCE OSEILLE   300 GR;Tipiak;;
3760032006445;"SAUMON DE NORVEGE, SAUCE BEARNA";Pom Bistro;320g;Poisson
3564706776555;SAUMON EN CROUTE 700G SURG;Côté Table;;Poisson
3248833084614;SAUMON FONDUE POIREAUX 400GR;Marie;400 g;Poisson
2860452000000;SAUMON ROSE PACIF ETETE;;0.9.1kg;Poisson
3700818904312;SAUMON ROSE PAVE;;250 g;Poisson
3248839595008;SAUMON SAUCE BEURRE BLANC 400GR;Marie;400 g;Poisson
2643905000000;SAUMON SAUVAGE ROSE PACIFIQUE;;;Poisson
3760114359575;SEICHE NETT.SPEC.PLANCHA;;800g;
3567890128919;SELECTION DE GAMBAS SAUVAG.800G;Pescanova;;
3661112081195;SH CHARC 12%MG 100%MVBF SURGEL;Marque Repère;400 g;Viande
3181232519137;SH L'AUTHENTIQUE 10% MG 8X125G;Charal;1 kg (8 * 125 g);Viande
3661112081102;SH LEBOUCHER SURGX4 15% MG VBF;Marque Repère;560 g;Viande
3661112081133;SH SURG 5%MG CHANTEGRIL X4;Marque Repère;400g;Viande
3661112080891;SH SURG X10 15%MG 100%M VBF;Marque Repère;1 kg;Viande
8710438121902;SIGNATURE CRUNCHY PETALS;McCain;650g;Frites
8710438121872;SIGNATURE PATAOES POP;McCain;650g;Légumes
8436575299198;SMARTIES FUN CONES X 6;Smarties;234 g;Glaces
8436575299556;SMARTIES POP FRAISE X4;Nestlé;208g;Glaces
3274664235871;SMARTIES POT VAN CHOC X6;;;Glaces
3564706545250;SMICY CANDY CONES BONBONS X8;Marque Repère;328 g;Glaces
3564700758861;SMICY MAGIC MULTIFRUITS X8 320;Marque Repère;320 ml;Glaces
3564706545465;SMICY PARTY GLACES X10;Marque Repère;600g;Glaces
3564700786390;SMICY STAR FUSEES X8 480 ML;Marque Repère;480 ml;Glaces
3564706545298;SMICY TUB CALLIPOS X8;Marque Repère;560g;Glaces
3564700882085;SMICY TWIST SORBET MULTIFRUITS;Marque Repère;375 g;Glaces
5000159543378;SNICKERS CREAMY GLACE X6;SNICKERS;234g;Glaces
5000159541312;SNICKERS GLACEE X12 603ML;SNICKERS;547g;Glaces
5000159541336;SNICKERS GLACEE x6 301.8ml;Snickers;274g;Glaces
5000159570602;SNICKERS GOLD X5 223ML;Snickers;204g;Glaces
5000159509633;SNICKERS WHITE SAV.CHOCO BLC X6;Mars;44.6 ml;Glaces
3760299290601;SORBET CERISE;;;Glaces
3251512101007;SORBET CITR/ORANGE OASIS.400G;Oasis;500 ml (400 g);Glaces
3760299290632;SORBET CITRON;;;Glaces
3760299290694;SORBET MELON;;;Glaces
3251512810008;SORBET MULTIFRTS OASIS 10X50ML;Froneri;400 g ou 500 ml en 10 unitès;Glaces
3760299290588;SORBET PECHE;;;Glaces
3760039982544;SORBET PLEIN FRT FRAISE.500G;L'Angélys;500 g;Glaces
3251510550005;SORBET TROPICAL OASIS BATON X10;Oasis;400 g (10x40 g) ou 500 ml;Glaces
3512690005519;SPECIAL KEBAB VOLAILLE FAMILIAL;Isla Délice;;Viande
3261086180407;SPECIALITES AU BEURRE/AFH;Escal;250g;
5391528181476;SPINACH POPS EPINARDS;strong roots;308g;Légumes
3661112081065;ST HACHE SURG X4 BIO VBF 100%MS;Bio Village;400 g;Viande
3760109522250;ST HACHE SURGELE X10 20% MG EC;ECO+;1kg (10x100g);Viande
3282740371290;ST JACQ BRETONNE SURG TIPI.900G;Tipiak;;
3282742221142;ST JACQ NORMANDE SURG TIPI.900G;Tipiak;;
3282740370231;ST JACQ POIREAUX SURG TIPI.900G;Tipiak;900g;Légumes
3512690006073;STEAK HACHE 100% BOEUF CONGELE;Isla Délice;;Viande
3463490001822;STEAK HACHE BOUCHERE PUR BOEUF;;800 g;Viande
3181231003354;STEAK HACHE CHAROLAIS 10X100G;Charal;1 kg;Viande
3512690007865;STEAK HACHE CONG.;Isla Délice;480g;Viande
3661112851033;STEAK HACHE F.BOUCH ENGAGE.400G;Soutenons nos agriculteurs;400 g;Viande
3559561003434;STEAK HACHE LIMOUS.15% 10X100GR;Charal;1kg;Viande
3512690000163;STEAKS HACHE 100% P.BOEUF;Isla Délice;800g;Viande
3463490002126;STK HACHE FACON BOUCHERE 4X100G;;400 g;Viande
3463490012903;STK HACHE FACON BOUCHERE 8X100G;Convivial;800 g;Viande
3265980310526;STK HACHE FB 15% 125GX 8 T&+;;1kg;Viande
3463490000139;STK HACHE LABEL RG 12%MG 4X100G;Convivial;4*100 g - 400 g;Viande
3760051588618;STREET KEBAB;;220g;
3332792001413;SUCETTE RAFRAICH.YETI GEANT X12;Yetigel;;
3564700623589;SUCETTES TROFI'TUB X20 80CL;Marque Repère;800 ml;Glaces
3332792008641;SUPER MARIO SUPERFLAME X5.300G;Yeti;;
5391528181483;SWEET POTATO FRIES;strong roots;500g;Frites
5391528181490;SWEET POTATO TOASTIES;;375g;
3287370002323;TAPAS CHORIZO;Bernadet;300g;Entrée
3287370002361;TAPAS PIQUILLOS;Bernadet;300g;Légumes
3564700148785;TARTE 3 FROMAGES COTE TABLE;Marque Repère;400 g;Pizza
3248830000877;TARTE AU CHEVRE SURG MARIE.400G;Marie;400 g;Pizza
3564700301159;TARTE CITRO/MERING 500GR TROFIC;Marque Repère;500 g;
3564706815582;TARTE COURG/PESTO/MOZZA;;400g;
3273310041262;TARTE FLAMBEE Flammekueche;Kauffer's;260 g;Pizza
3273314110414;TARTE FLAMBEE KAUFFER'S 4X260G;null;;Pizza
3248830000860;TARTE FROMAGES PB MARIE 400 GRM;Marie;400 g;Pizza
3564700691427;TARTE POIREAUX 8X100G;Marque Repère;8 x 100 g;Pizza
3248830002024;TARTE POIREAUX PB MARIE 2X170G;Marie;2 x 170 g;Pizza
3248830000884;TARTE POIREAUX SURG MARIE.400G;Marie;400 g;Pizza
3248830000891;TARTE SAUMON POIREAU SURG.400G;Marie;400 g;Poisson
3564700691380;TARTE SAUMON POIREAUX;Marque Repère;400g;Poisson
3564706622135;TARTE TARTIFLETTE 400G SURG;Marque Repère;;
3564700396940;TARTE TATIN 600G 'TROFIC';Marque Repère;600 g;
3564700528433;TARTE TOMA CHEVRE 400G COTE TA;Marque Repère;400 g;Pizza
3564700148792;TARTES POIREAUX COTE TABLE;Marque Repère;400 g;Pizza
3564706625426;TARTIFLETTE SURGELEE;Côté Table;900g;Frites
9555018504374;TEMPURA CLASSIC;Pacific West;400g;Poisson
3586410332292;TEMPURA DE CABILLAUD;Gimbert Océan;250g;Poisson
9555018505302;TEMPURA DE CALAMAR;Pacific West;500g;
3586410423679;TEMPURA DE CALMAR.2x400G;;;
9555018500758;TEMPURA DE COLIN ALASKA;Pacific West;800g;Légumes
3564706639423;TENDERS DE POULET 600G SURG;Marque Repère;600 g;Viande
3701004818727;TENDERS DE POULET REGHALAL;Réghalal;330g;Viande
3230890004537;TENDERS FLT PLT MAITRE COQ;Maître Coq;380g;Viande
3564706754096;TENDERS POULET EPICES 600G MR;Coté Croc;600g;Viande
3700417301819;TEPPANYAKI RIZ PLT SURG.300G;Ajinomoto;300 g;Viande
3564700018439;TORSADES A LA CARBONARA;Marque Repère;900g;
3273311801025;TOURTE A LA VOLAILLE;;425g;Viande
3273311801001;TOURTE AUX ESCARGOTS;;250g;
3273311801018;TOURTE FRUITS DE MER;;425g;Poisson
3700818912539;TOURTEAU PINCE CUITE  SCHT;;500g;
3760287430637;TRIO BOUCHEE ITALIENNE;;250g;
3700818915196;TRIO DE POISSONS;;400g;
3184034038172;TRIO DE POIVRONS;Paysan Breton;600g;Légumes
3564707128483;TRIO DE POIVRONS LANIERES BIO;Bio Village;600 g;Légumes
3564700605387;TRIO FLEURETTE KG NOTRE JARDIN;Marque Repère;1 kg;Légumes
3564700995280;TRIO MORCEAUX POISSON;Marque Repère;600g;Poisson
3564706628052;TRIUM CACAHUETES X4;Marque Repère;306g;Glaces
3564700532669;TRIUM CAFE.400ML TROFIC;Marque Repère;400 ml;Glaces
3564706628090;TRIUM CARAMEL BEURRE SALE X4 2;Trium;288 g;Glaces
3564706628137;TRIUM CHOCOLAT LAIT COOKIES X4;Trium;290 g;
3564706566743;TRIUM DOUBLE POIRE CHOCOLA.302G;Trium;;Glaces
3564706704701;TRIUM MACADAMIA X4;Marque Repère;294g;Glaces
3564706628175;TRIUM MENTHE X4;Marque Repère;290g;Glaces
3564700623244;TRIUM NOIX DE COCO X4;Marque Repère;400 ml;
3564700706190;TRIUM PISTACHE  4X100ML;Marque Repère;4 x 100 ml;
3564700623282;TRIUM SPECULOOS X4;Marque Repère;280 g;
3564706633339;TRIUM TROIS CHOCOLATS X4;Trium;282g;Glaces
3564706734357;TRIUM VANI CHOC AM X4 314 MR;Marque Repère;;
3564700715543;TRIUM VANIL ENROB CHOCO BL 4X1;Marque Repère;4 x 110 ml;Glaces
3564700715444;TRIUM VANILLE AMANDE X4;Marque Repère;314g;Glaces
3564706764521;TRIUM VANILLE AMANDE X8 MR.628G;Trium;628 g;Glaces
3564706764620;TRIUM VANILLE CHOC BLANC X.616G;Trium;616 g;
3564706627970;TRIUM VANILLE FRT EXOTIQUE X4;Marque Repère;294g;
3564706687776;TRIUM VANILLE FRUITS RG;Marque Repère;274g;Légumes
3564706628014;TRIUM VANILLE FRUITS ROUGES 29;Marque Repère;400 ml;Glaces
3700417302458;TSUKUNE AJINOMOTO.180G;Ajinomoto;180 g;
3760114353054;TUBE D'ENCORNETS NETTOYES;;700g;
3586410426205;TUBES DENCORNETS CRUS SURGELES;;;
3564700484548;TUBES ENCORNETS SURG 750G MR;Marque Repère;750 g;
8711327576810;TWISTER PINEAPPLE 8X50ML;Unilever;"312 g, 400 ml";Glaces
8711327628557;TWISTER SWEET&SOUR 8X50ML;Miko;8 x 50 ml;Glaces
3564700600610;TYROLIA CARAMEL BISCUIT 650ML;Marque Repère;650 ml;Glaces
3564700799031;TYROLIA CREME BRULEE 650ML;Marque Repère;350 g;Glaces
3564700798997;TYROLIA FRUITS ROUGES 650ML;Marque Repère;350 g;Glaces
3428420024180;VACHERIN CHOCOLAT CARAMEL.450G;;;
3428420024173;VACHERIN FRAISE VANILLE.470G;;;
3564700041758;VACHERIN VANI/FRAMBOISE   1.2LT;Marque Repère;545 g;Glaces
3661112850203;VH SURG BIO 15%MG 100%M VBF400G;Bio Village;400 g;Viande
3661112081126;VIANDE HACHE SURG 400G VBF CH;Marque Repère;400 g;Viande
3760109520133;VIANDE HACHEE SURGELEE 800G EC;ECO+;800 g;Viande
8711327591653;VIENNETTA 650ML CAPPUCINO;Unilever;320 g;Glaces
8711327591011;VIENNETTA CARAMEL SALE;Unilever;321g;Glaces
8711327589209;VIENNETTA DOUBLE CHOCOLAT;Unilever;320g;Glaces
8000920200025;VIENNETTA VANILLE;Miko;320g;Glaces
3564707092098;VRAC VANILLE BIO 900ML;Bio Village;450 g;Glaces
3760032004939;WEDGES GRAISSE DE CANARD;Pom Bistro;500g;Frites
3293026001978;Wok de champignons asiatiques C;;450;
3700417301826;YAKINIKU NOUILLE BF SURG.300G;Ajinomoto;300 g;
3700417302373;YAKITORI AJINOMOTO.200G;Ajinomoto;200 g;Viande
3564706715066;YAKITORI BOEUF FROM X6 225G MR;Tables du Monde;225g;Viande
3564706714380;YAKITORI PLT SURG X8 210G MR;Marque Repère;;Viande
3332792007668;YETI 8 SORBET.560G;Yeti;;Glaces
3332792003813;YETI ORIGINAL PANACHES X10.700G;Yeti;;Glaces
3332792000515;YETI PANACHEES X24 +10% OFF;Yeti;"1276 g, 1320 ml, 24 panachés de 53.1 g, 24 panachés de 55 ml";Glaces
3760234509058;YOOJI HACHE POULET BIO;Yooji;80g;Viande
3760234500260;YOOJI Purée surgelée bio dès 6;Yooji;480 g;Légumes
3760234501472;Yooji Veau bio VVF surgelé dès;Yooji;80 g;Légumes